,Urls,Product_Name
0,https://www.sephora.com/product/kale-spinach-green-tea-age-prevention-cleanser-P411387?icid2=products%20grid:p411387,Superfood Antioxidant Cleanser
1,https://www.sephora.com/product/the-ordinary-deciem-glycolic-acid-7-toning-solution-P427406?icid2=products%20grid:p427406,Glycolic Acid 7% Toning Solution
2,https://www.sephora.com/product/soy-face-cleanser-P7880?icid2=products%20grid:p7880,Soy Make Up Removing Face Wash
3,https://www.sephora.com/product/green-clean-makeup-meltaway-cleansing-balm-P417238?icid2=products%20grid:p417238,Green Clean Makeup Removing Cleansing Balm
4,https://www.sephora.com/product/facial-treatment-essence-P375849?icid2=products%20grid:p375849,Facial Treatment Essence (Pitera Essence)
5,https://www.sephora.com/product/wishful-by-huda-yo-glow-facial-enzyme-scrub-P455676?icid2=products%20grid:p455676,Yo Glow Facial Enzyme Scrub
6,https://www.sephora.com/product/cleansing-exfoliating-wipes-P409800?icid2=products%20grid:p409800,Cleansing & Exfoliating Wipes
7,https://www.sephora.com/product/the-deep-cleanse-P427536?icid2=products%20grid:p427536,The Deep Cleanse Exfoliating Cleanser
8,https://www.sephora.com/product/purity-made-simple-P7109?icid2=products%20grid:p7109,Purity Made Simple Cleanser
9,https://www.sephora.com/product/beste-no-9-jelly-cleanser-P426836?icid2=products%20grid:p426836,Beste™ No. 9 Jelly Cleanser
10,https://www.sephora.com/product/polished-rice-enzyme-powder-P426340?icid2=products%20grid:p426340,The Rice Polish Foaming Enzyme Powder
11,https://www.sephora.com/product/face-cleanser-P248404?icid2=products%20grid:p248404,Pure Skin Face Cleanser
12,https://www.sephora.com/product/summer-fridays-super-amino-gel-cleanser-P455242?icid2=products%20grid:p455242,Super Amino Gel Cleanser
13,https://www.sephora.com/product/glow2oh-dark-spot-toner-P439061?icid2=products%20grid:p439061,Glow2OH™ Dark Spot Toner
14,https://www.sephora.com/product/daily-microfoliant-P423688?icid2=products%20grid:p423688,Daily Microfoliant Exfoliator
15,https://www.sephora.com/product/rose-deep-hydration-facial-toner-P417936?icid2=products%20grid:p417936,Rose Deep Hydration Facial Toner
16,https://www.sephora.com/product/the-ordinary-squalane-cleanser-P444718?icid2=products%20grid:p444718,Squalane Cleanser
17,https://www.sephora.com/product/pure-one-step-camellia-cleansing-oil-P392235?icid2=products%20grid:p392235,Pure One Step Camellia Oil Cleanser
18,https://www.sephora.com/product/take-the-day-off-cleansing-balm-P126301?icid2=products%20grid:p126301,Take The Day Off Cleansing Balm
19,https://www.sephora.com/product/bi-facil-double-action-eye-makeup-remover-P54477?icid2=products%20grid:p54477,Bi-Facil Double-Action Eye Makeup Remover
20,https://www.sephora.com/product/balancing-force-oil-control-toner-P416816?icid2=products%20grid:p416816,Balancing Force™ Oil Control Toner
21,https://www.sephora.com/product/exfolikate-intensive-exfoliating-treatment-P232915?icid2=products%20grid:p232915,ExfoliKate® Intensive Pore Exfoliating Treatment
22,https://www.sephora.com/product/ole-henriksen-truth-juice-daily-cleanser-P453227?icid2=products%20grid:p453227,Truth Juice™ Daily Cleanser
23,https://www.sephora.com/product/slaai-makeup-melting-butter-cleanser-P442566?icid2=products%20grid:p442566,Slaai™ Makeup-Melting Butter Cleanser
24,https://www.sephora.com/product/beauty-elixir-P6025?icid2=products%20grid:p6025,Beauty Elixir
25,https://www.sephora.com/product/waterproof-eye-makeup-remover-P276319?skuId=1258284&icid2=products%20grid:p276319,Waterproof Eye Makeup Remover
26,https://www.sephora.com/product/take-the-day-off-makeup-remover-for-lids-lashes-lips-P122735?icid2=products%20grid:p122735,"Take The Day Off Makeup Remover For Lids, Lashes & Lips"
27,https://www.sephora.com/product/facial-cotton-P173726?icid2=products%20grid:p173726,Facial Cotton
28,https://www.sephora.com/product/exfolikate-cleanser-daily-foaming-wash-P404322?icid2=products%20grid:p404322,ExfoliKate® Cleanser Daily Foaming Wash
29,https://www.sephora.com/product/checks-balances-frothy-face-wash-P297516?icid2=products%20grid:p297516,Checks and Balances™ Frothy Face Wash
30,https://www.sephora.com/product/calendula-herbal-extract-alcohol-free-toner-P421997?icid2=products%20grid:p421997,Calendula Herbal Extract Alcohol Free Toner
31,https://www.sephora.com/product/the-clean-truth-foaming-cleanser-P211343?icid2=products%20grid:p211343,The Clean Truth™ Foaming Cleanser
32,https://www.sephora.com/product/transforming-walnut-scrub-P42318?icid2=products%20grid:p42318,Transforming Walnut Scrub
33,https://www.sephora.com/product/greek-yoghurt-foaming-cream-cleanser-P392253?icid2=products%20grid:p392253,Greek Yoghurt Foaming Cream Cleanser
34,https://www.sephora.com/product/ready-steady-glow-daily-aha-tonic-P428095?icid2=products%20grid:p428095,Ready Steady Glow Daily AHA Toner
35,https://www.sephora.com/product/coq-10-toner-P432272?icid2=products%20grid:p432272,CoQ-10 Toner
36,https://www.sephora.com/product/brightening-cleanser-P432271?icid2=products%20grid:p432271,Brightening Cleanser
37,https://www.sephora.com/product/your-skin-but-better-cc-cream-spf-50-P411885?icid2=products%20grid:p411885,CC+ Cream with SPF 50+
38,https://www.sephora.com/product/drunk-elephant-lala-retro-whipped-moisturizer-with-ceramides-P446938?icid2=products%20grid:p446938,Lala Retro™ Whipped Moisturizer with Ceramides
39,https://www.sephora.com/product/creme-de-la-mer-moisturizing-cream-P416341?icid2=products%20grid:p416341,Crème de la Mer Moisturizer
40,https://www.sephora.com/product/the-true-cream-aqua-bomb-P394639?icid2=products%20grid:p394639,The True Cream Aqua Bomb
41,https://www.sephora.com/product/the-moisturizing-soft-cream-P416342?icid2=products%20grid:p416342,The Moisturizing Soft Cream
42,https://www.sephora.com/product/the-true-cream-moisturizing-bomb-P394624?icid2=products%20grid:p394624,The True Cream Moisturizing Bomb
43,https://www.sephora.com/product/complexion-rescue-tinted-hydrating-gel-cream-P393356?icid2=products%20grid:p393356,COMPLEXION RESCUE™ Tinted Moisturizer Broad Spectrum SPF 30
44,https://www.sephora.com/product/virgin-marula-tm-luxury-facial-oil-P392245?icid2=products%20grid:p392245,Virgin Marula Antioxidant Face Oil
45,https://www.sephora.com/product/drunk-elephant-f-balm-electrolyte-waterfacial-mask-P454120?icid2=products%20grid:p454120,F-Balm™ Electrolyte Waterfacial Mask
46,https://www.sephora.com/product/lotus-youth-preserve-dream-face-cream-P440312?icid2=products%20grid:p440312,Lotus Youth Preserve Dream Night Cream
47,https://www.sephora.com/product/fresh-lotus-youth-preserve-moisturizer-P454378?icid2=products%20grid:p454378,Lotus Youth Preserve Moisturizer
48,https://www.sephora.com/product/superberry-hydrate-glow-dream-mask-P440307?icid2=products%20grid:p440307,Superberry Hydrate + Glow Dream Mask
49,https://www.sephora.com/product/ultra-repair-cream-intense-hydration-P248407?icid2=products%20grid:p248407,Ultra Repair® Cream Intense Hydration
50,https://www.sephora.com/product/charlotte-s-magic-cream-P433520?icid2=products%20grid:p433520,Magic Cream Moisturizer
51,https://www.sephora.com/product/moisture-surge-72-hour-auto-replenishing-hydrator-P425416?icid2=products%20grid:p425416,Moisture Surge 72-Hour Auto-Replenishing Hydrator
52,https://www.sephora.com/product/vitamin-enriched-face-base-P270594?icid2=products%20grid:p270594,Vitamin Enriched Face Base Priming Moisturizer
53,https://www.sephora.com/product/c-rush-tm-brightening-gel-cr-me-P430337?icid2=products%20grid:p430337,C-Rush™ Vitamin C Gel Moisturizer
54,https://www.sephora.com/product/rose-deep-hydration-face-cream-P406686?icid2=products%20grid:p406686,Rose Deep Hydration Moisturizer
55,https://www.sephora.com/product/amazonian-clay-bb-tinted-moisturizer-broad-spectrum-spf-20-sunscreen-P67617?icid2=products%20grid:p67617,Amazonian Clay BB Tinted Moisturizer Broad Spectrum SPF 20 Sunscreen
56,https://www.sephora.com/product/luna-sleeping-night-oil-P393718?icid2=products%20grid:p393718,Luna Retinol Sleeping Night Oil
57,https://www.sephora.com/product/ceramidin-tm-cream-P434363?icid2=products%20grid:p434363,Ceramidin™ Cream
58,https://www.sephora.com/product/dramatically-different-moisturizing-lotion-P381030?icid2=products%20grid:p381030,Dramatically Different Moisturizing Lotion+
59,https://www.sephora.com/product/the-ordinary-deciem-natural-moisturizing-factors-ha-P427414?icid2=products%20grid:p427414,Natural Moisturizing Factors + HA
60,https://www.sephora.com/product/squalane-omega-repair-cream-P433887?icid2=products%20grid:p433887,Squalane + Omega Repair Cream
61,https://www.sephora.com/product/midnight-recovery-concentrate-P421998?icid2=products%20grid:p421998,Midnight Recovery Concentrate
62,https://www.sephora.com/product/honeymoon-glow-aha-resurfacing-night-serum-with-echinacea-greenenvy-tm-P434548?icid2=products%20grid:p434548,HONEYMOON GLOW AHA Resurfacing Night Serum with Hydrating Honey + Gentle Flower Acids
63,https://www.sephora.com/product/bb-tinted-treatment-12-hour-primer-broad-spectrum-spf-30-sunscreen-P377542?icid2=products%20grid:p377542,BB Tinted Treatment 12-Hour Primer Broad Spectrum SPF 30 Sunscreen
64,https://www.sephora.com/product/premium-beauty-balm-spf-45-P285403?icid2=products%20grid:p285403,Premium Beauty Balm SPF 45
65,https://www.sephora.com/product/adaptogen-deep-moisture-cream-P432829?icid2=products%20grid:p432829,Adaptogen Deep Moisture Cream with Ashwagandha + Reishi
66,https://www.sephora.com/product/genius-sleeping-collagen-P439055?icid2=products%20grid:p439055,GENIUS Sleeping Collagen
67,https://www.sephora.com/product/vinoperfect-brightening-glycolic-overnight-cream-P440200?icid2=products%20grid:p440200,Vinoperfect Brightening Glycolic Overnight Cream
68,https://www.sephora.com/product/cicapair-tiger-grass-color-correcting-treatment-spf-30-P411540?icid2=products%20grid:p411540,Cicapair™ Tiger Grass Color Correcting Treatment SPF 30
69,https://www.sephora.com/product/water-drench-hyaluronic-cloud-cream-P415701?icid2=products%20grid:p415701,Water Drench Hyaluronic Cloud Cream
70,https://www.sephora.com/product/the-essence-plumping-skin-softener-P415771?icid2=products%20grid:p415771,The Essence Plumping Skin Softener
71,https://www.sephora.com/product/dramatically-different-moisturizing-gel-P122900?icid2=products%20grid:p122900,Dramatically Different Moisturizing Gel
72,https://www.sephora.com/product/your-skin-but-better-cc-illumination-cream-spf-50-P411884?icid2=products%20grid:p411884,CC+ Cream Illumination with SPF 50+
73,https://www.sephora.com/product/goodnight-glow-retin-alt-sleeping-creme-P434546?icid2=products%20grid:p434546,Goodnight Glow Retin-ALT Sleeping Crème
74,https://www.sephora.com/product/100-percent-pure-argan-oil-P218700?icid2=products%20grid:p218700,100 percent Pure Argan Oil
75,https://www.sephora.com/product/confidence-in-cream-transforming-moisturizing-super-cream-P411403?icid2=products%20grid:p411403,Confidence in a Cream Hydrating Moisturizer
76,https://www.sephora.com/product/cold-plasma-sub-d-anti-aging-neck-treatment-P270714?icid2=products%20grid:p270714,Cold Plasma Sub-D Firming Neck Treatment
77,https://www.sephora.com/product/luminous-dewy-skin-mist-P399623?icid2=products%20grid:p399623,Luminous Dewy Skin Mist
78,https://www.sephora.com/product/virgin-marula-luxury-facial-oil-mini-P424378?icid2=products%20grid:p424378,Virgin Marula Antioxidant Face Oil Mini
79,https://www.sephora.com/product/abeille-royale-youth-watery-oil-P422895?icid2=products%20grid:p422895,Abeille Royale Youth Watery Anti-Aging Oil
80,https://www.sephora.com/product/sheer-transformation-perfecting-moisturizer-P42342?icid2=products%20grid:p42342,Sheer Transformation® Perfecting Moisturizer
81,https://www.sephora.com/product/kale-spinach-hyaluronic-acid-age-prevention-cream-P411388?icid2=products%20grid:p411388,Superfood Air Whip Hyaluronic Acid Moisturizer
82,https://www.sephora.com/product/glow-recipe-banana-souffle-moisture-cream-P453223?icid2=products%20grid:p453223,Banana Soufflé Moisture Cream
83,https://www.sephora.com/product/squalane-vitamin-c-rose-oil-P416563?icid2=products%20grid:p416563,Squalane + Vitamin C Rose Oil
84,https://www.sephora.com/product/cc-creme-high-definition-radiance-P396095?icid2=products%20grid:p396095,CC Cream Radiance Color Corrector Broad Spectrum SPF25
85,https://www.sephora.com/product/secret-sauce-clinically-advanced-miraculous-anti-aging-moisturizer-P421958?icid2=products%20grid:p421958,Secret Sauce Anti-Aging Moisturizer
86,https://www.sephora.com/product/algenist-genius-collagen-calming-relief-P453818?icid2=products%20grid:p453818,GENIUS Collagen Calming Relief
87,https://www.sephora.com/product/r-n-a-power-radical-new-age-cream-P405950?icid2=products%20grid:p405950,R.N.A. POWER Anti-Aging Face Cream
88,https://www.sephora.com/product/glowstarter-mega-illuminating-moisturizer-P408739?icid2=products%20grid:p408739,GLOWSTARTER™ Mega Illuminating Moisturizer
89,https://www.sephora.com/product/creme-de-la-mer-mini-P426501?icid2=products%20grid:p426501,Crème de la Mer Moisturizer Mini
90,https://www.sephora.com/product/facial-treatment-essence-mini-P426183?icid2=products%20grid:p426183,Facial Treatment Essence Mini (Pitera Essence)
91,https://www.sephora.com/product/milk-makeup-vegan-milk-moisturizer-P453253?icid2=products%20grid:p453253,Vegan Milk Moisturizer
92,https://www.sephora.com/product/watermelon-glow-sleeping-mask-P420160?icid2=products%20grid:p420160,Watermelon + AHA Glow Sleeping Mask
93,https://www.sephora.com/product/color-control-cushion-compact-broad-spectrum-spf-50-P378121?icid2=products%20grid:p378121,Color Control Cushion Compact Broad Spectrum SPF 50+
94,https://www.sephora.com/product/superberry-hydrate-glow-oil-P430146?icid2=products%20grid:p430146,Superberry Hydrate + Glow Oil
95,https://www.sephora.com/product/watermelon-pink-juice-moisturizer-P428819?icid2=products%20grid:p428819,Watermelon Pink Juice Oil-Free Moisturizer
96,https://www.sephora.com/product/water-bank-moisture-cream-P448186?icid2=products%20grid:p448186,Water Bank Moisture Cream
97,https://www.sephora.com/product/emerald-cbd-adaptogens-deep-moisture-glow-oil-P442564?icid2=products%20grid:p442564,Emerald CBD + Adaptogens Deep Moisture Glow Oil
98,https://www.sephora.com/product/evercalm-overnight-recovery-balm-P436094?icid2=products%20grid:p436094,Evercalm™ Overnight Recovery Balm
99,https://www.sephora.com/product/black-tea-firming-corset-cream-P415107?icid2=products%20grid:p415107,Black Tea Corset Cream Firming Moisturizer
100,https://www.sephora.com/product/primera-miracle-seed-essence-P447176?icid2=products%20grid:p447176,Miracle Seed Essence
101,https://www.sephora.com/product/confidence-in-gel-lotion-P439057?icid2=products%20grid:p439057,Confidence in a Gel Lotion
102,https://www.sephora.com/product/ole-henriksen-invigorating-night-transformation-gel-P454397?icid2=products%20grid:p454397,Invigorating Night Transformation™ Gel
103,https://www.sephora.com/product/hydro-dynamic-ultimate-moisture-P268700?icid2=products%20grid:p268700,Hydro-Dynamic® Ultimate Moisture
104,https://www.sephora.com/product/ice-ceramide-moisturizing-cream-P448937?icid2=products%20grid:p448937,ICE Ceramide Moisturizing Cream
105,https://www.sephora.com/product/miracle-water-tm-3-in-1-glow-tonic-P423414?icid2=products%20grid:p423414,Miracle Water Micellar Cleanser
106,https://www.sephora.com/product/water-bank-hydro-gel-P448188?icid2=products%20grid:p448188,Water Bank Hydro Gel
107,https://www.sephora.com/product/pink-cloud-rosewater-moisture-creme-P427626?icid2=products%20grid:p427626,Pink Cloud Rosewater Moisture Crème
108,https://www.sephora.com/product/charlotte-s-magic-cream-mini-P435975?icid2=products%20grid:p435975,Charlotte's Magic Cream Mini
109,https://www.sephora.com/product/the-moisturizing-cool-gel-cream-P429637?icid2=products%20grid:p429637,The Moisturizing Cool Gel Cream
110,https://www.sephora.com/product/thirstymud-tm-hydrating-treatment-P384782?icid2=products%20grid:p384782,THIRSTYMUD™ Hydrating Treatment Mask
111,https://www.sephora.com/product/skin-rescue-daily-face-cream-P257524?icid2=products%20grid:p257524,Skin Rescue Daily Face Cream
112,https://www.sephora.com/product/ultimate-miracle-worker-multi-rejuvenating-cream-spf-30-P398831?icid2=products%20grid:p398831,Ultimate Miracle Worker Multi-Rejuvenating Cream SPF 30
113,https://www.sephora.com/product/b-oil-P442757?icid2=products%20grid:p442757,"""B"" Oil"
114,https://www.sephora.com/product/mineral-face-spf-30-matte-tint-P395627?icid2=products%20grid:p395627,Mineral Face Matte Tint Sunscreen Moisturizer SPF 30
115,https://www.sephora.com/product/100-organic-cold-pressed-moroccan-argan-oil-P447596?icid2=products%20grid:p447596,100% Organic Cold-Pressed Moroccan Argan Oil
116,https://www.sephora.com/product/prime-time-bb-primer-cream-daily-defense-broad-spectrum-spf-30-P385504?icid2=products%20grid:p385504,Prime Time™ BB Tinted Primer Broad Spectrum SPF 30
117,https://www.sephora.com/product/vitamin-nectar-moisture-glow-face-cream-P420158?icid2=products%20grid:p420158,Vitamin C Glow Moisturizer
118,https://www.sephora.com/product/oil-pore-control-mattifier-broad-spectrum-spf-45-pa-P446934?icid2=products%20grid:p446934,Oil and Pore Control Mattifier Broad Spectrum SPF 45 PA++++
119,https://www.sephora.com/product/smashbox-photo-finish-primer-water-P392347?icid2=products%20grid:p392347,Photo Finish Primer Water
120,https://www.sephora.com/product/nutrient-charged-water-gel-P427638?icid2=products%20grid:p427638,Nutrient-Charged Water Gel
121,https://www.sephora.com/product/skin-perfecting-lotion-blemish-prone-oily-skin-P4050?icid2=products%20grid:p4050,Skin Perfecting Lotion - Blemish Prone/Oily Skin
122,https://www.sephora.com/product/honey-grail-ultra-hydrating-face-oil-P444226?icid2=products%20grid:p444226,Honey Grail Ultra-Hydrating Face Oil
123,https://www.sephora.com/product/micro-essence-skin-activating-treatment-lotion-P387619?icid2=products%20grid:p387619,Micro Essence Skin Activating Treatment Lotion
124,https://www.sephora.com/product/wrinkle-warrior-2-in-1-plumping-moisturizer-serum-P415202?icid2=products%20grid:p415202,Wrinkle Warrior™ 2-in-1 Plumping Moisturizer + Serum
125,https://www.sephora.com/product/all-day-hydrator-hydrate-glow-P438617?icid2=products%20grid:p438617,All Day Hydrator - Hydrate & Glow
126,https://www.sephora.com/product/benefiance-wrinkle-smoothing-cream-enriched-P448202?icid2=products%20grid:p448202,Benefiance Wrinkle Smoothing Cream Enriched
127,https://www.sephora.com/product/dr-andrew-weil-for-origins-mega-bright-spf-30-skin-tone-correcting-oil-free-moisturizer-P385253?icid2=products%20grid:p385253,Dr. Andrew Weil For Origins™ Mega-Bright SPF 30 Skin Tone Correcting Oil-Free Moisturizer
128,https://www.sephora.com/product/acne-solutions-bb-cream-broad-spectrum-spf-40-P394252?icid2=products%20grid:p394252,Acne Solutions™ BB Cream SPF 40
129,https://www.sephora.com/product/resveratrol-lift-night-infusion-cream-P400609?icid2=products%20grid:p400609,Resveratrol Lift Night Infusion Cream
130,https://www.sephora.com/product/renewed-hope-in-jar-spf-30-P393516?icid2=products%20grid:p393516,Renewed Hope in A Jar SPF 30 Moisturizer
131,https://www.sephora.com/product/rose-deep-hydration-sleeping-mask-P442858?icid2=products%20grid:p442858,Rose Deep Hydration Sleeping Mask
132,https://www.sephora.com/product/squalane-antioxidant-cleansing-oil-P416560?icid2=products%20grid:p416560,Squalane + Antioxidant Cleansing Oil
133,https://www.sephora.com/product/ultimate-miracle-worker-night-P399112?icid2=products%20grid:p399112,Ultimate Miracle Worker Night
134,https://www.sephora.com/product/baba-bomb-moisturizer-P447200?icid2=products%20grid:p447200,Baba Bomb Moisturizer
135,https://www.sephora.com/product/squalane-tea-tree-cleansing-gel-P442549?icid2=products%20grid:p442549,Squalane + Tea Tree Cleansing Gel
136,https://www.sephora.com/product/ultra-facial-oil-free-gel-cream-P422006?icid2=products%20grid:p422006,Ultra Facial Oil-Free Gel-Cream
137,https://www.sephora.com/product/cc-red-correct-automatic-perfector-broad-spectrum-spf-25-P437274?icid2=products%20grid:p437274,CC Color Correcting & Redness Reducing Broad Spectrum SPF 25
138,https://www.sephora.com/product/wild-rose-vitamin-c-active-brightening-oil-P405289?icid2=products%20grid:p405289,Wild Rose Brightening Oil
139,https://www.sephora.com/product/seaberry-moisturizing-face-oil-P374948?icid2=products%20grid:p374948,Seaberry Moisturizing Face Oil
140,https://www.sephora.com/product/c-collagen-deep-cream-P421957?icid2=products%20grid:p421957,Vitamin C+ Collagen Deep Cream
141,https://www.sephora.com/product/rose-floral-toner-P39970?icid2=products%20grid:p39970,Rose Floral Toner
142,https://www.sephora.com/product/cicapair-tiger-grass-calming-gel-cream-P448185?icid2=products%20grid:p448185,Cicapair™ Tiger Grass Calming Gel Cream
143,https://www.sephora.com/product/cooling-water-P404795?icid2=products%20grid:p404795,Cooling Water
144,https://www.sephora.com/product/ferulic-retinol-anti-aging-moisturizer-P384536?icid2=products%20grid:p384536,Ferulic + Retinol Anti-Aging Moisturizer
145,https://www.sephora.com/product/coconut-melt-P413350?icid2=products%20grid:p413350,Coconut Melt
146,https://www.sephora.com/product/skin-dope-argan-oil-100-mg-cbd-non-psychoactive-P441868?icid2=products%20grid:p441868,Skin Dope Argan Oil + 100 mg CBD
147,https://www.sephora.com/product/hyaluronic-marine-oil-free-moisture-cushion-P416755?icid2=products%20grid:p416755,Hyaluronic Marine Oil-Free Moisture Cushion
148,https://www.sephora.com/product/charlotte-s-magic-night-cream-P433519?icid2=products%20grid:p433519,Charlotte's Magic Night Cream
149,https://www.sephora.com/product/primera-alpine-berry-water-cream-P446642?icid2=products%20grid:p446642,Alpine Berry Water Cream
150,https://www.sephora.com/product/daily-reviving-concentrate-P422003?icid2=products%20grid:p422003,Daily Reviving Concentrate
151,https://www.sephora.com/product/moisture-bound-refreshing-hydra-gel-oil-free-P232940?icid2=products%20grid:p232940,MOISTURE BOUND Refreshing Hydra-Gel Oil-Free
152,https://www.sephora.com/product/b-well-organic-cold-pressed-100-castor-oil-P440273?icid2=products%20grid:p440273,B. Well Organic + Cold-Pressed 100% Castor Oil
153,https://www.sephora.com/product/photo-finish-primerizer-P421232?icid2=products%20grid:p421232,Photo Finish Primerizer
154,https://www.sephora.com/product/lavender-water-sleeping-mask-P439649?icid2=products%20grid:p439649,Lavender Water Sleeping Mask
155,https://www.sephora.com/product/c-e-o-c-e-antioxidant-protect-repair-moisturizer-P418629?icid2=products%20grid:p418629,C.E.O. Vitamin C Rich Hydration Cream
156,https://www.sephora.com/product/argan-cleansing-oil-P283501?icid2=products%20grid:p283501,Argan Cleansing Oil
157,https://www.sephora.com/product/premier-cru-cream-P428107?icid2=products%20grid:p428107,Premier Cru Anti-Aging Cream
158,https://www.sephora.com/product/ole-henriksen-c-rush-brightening-double-creme-P453221?icid2=products%20grid:p453221,C-Rush™ Brightening Double Crème
159,https://www.sephora.com/product/vintage-single-extract-essence-P422238?icid2=products%20grid:p422238,Vintage Single Extract Essence
160,https://www.sephora.com/product/waterfall-glacier-water-cream-P432044?icid2=products%20grid:p432044,Waterfall Glacier Water Cream
161,https://www.sephora.com/product/colored-clay-cc-undereye-corrector-P387175?icid2=products%20grid:p387175,Colored Clay CC Undereye Corrector
162,https://www.sephora.com/product/sublime-defense-ultra-lightweight-uv-defense-fluid-spf-50-P311143?icid2=products%20grid:p311143,SUBLIME DEFENSE Ultra Lightweight UV Defense Fluid SPF 50
163,https://www.sephora.com/product/visionnaire-nuit-beauty-sleep-perfector-P404066?icid2=products%20grid:p404066,Visionnaire Nuit Beauty Sleep Perfector
164,https://www.sephora.com/product/ultra-facial-cream-spf-30-P422012?icid2=products%20grid:p422012,Ultra Facial Cream SPF 30
165,https://www.sephora.com/product/aqua-bomb-sleeping-mask-P433443?icid2=products%20grid:p433443,Aqua Bomb Sleeping Mask
166,https://www.sephora.com/product/vinoperfect-concentrated-brightening-essence-P420224?icid2=products%20grid:p420224,Vinoperfect Brightening Glycolic Essence
167,https://www.sephora.com/product/black-tea-age-delay-cream-P217512?icid2=products%20grid:p217512,Black Tea Age-Delay Cream
168,https://www.sephora.com/product/renergie-lift-multi-action-night-P376135?icid2=products%20grid:p376135,Rénergie Lift Multi-Action Night Cream
169,https://www.sephora.com/product/the-method-nourish-P399743?icid2=products%20grid:p399743,The Method: Nourish Normal-Combination Skin
170,https://www.sephora.com/product/take-the-day-off-cleansing-oil-P384821?icid2=products%20grid:p384821,Take The Day Off Cleansing Oil
171,https://www.sephora.com/product/oil-free-moisturizer-P232906?icid2=products%20grid:p232906,Oil Free Moisturizer
172,https://www.sephora.com/product/skin-rescue-oil-free-mattifying-gel-moisturizer-P394502?icid2=products%20grid:p394502,Skin Rescue Oil-Free Mattifying Gel Moisturizer
173,https://www.sephora.com/product/bb-creme-au-ginseng-P396093?skuId=1705839&icid2=products%20grid:p396093,BB Cream Tinted Moisturizer Broad Spectrum SPF20
174,https://www.sephora.com/product/vitamin-c-antioxidant-glow-face-mist-P433979?icid2=products%20grid:p433979,Vitamin Nectar Antioxidant Face Mist
175,https://www.sephora.com/product/peat-miracle-revital-cream-P412440?icid2=products%20grid:p412440,Peat Miracle Revital Cream
176,https://www.sephora.com/product/photo-plasma-moisturizer-broad-spectrum-spf-30-P379495?icid2=products%20grid:p379495,Vitamin C Ester Photo-Brightening Moisturizer SPF 30
177,https://www.sephora.com/product/peter-thomas-roth-vital-e-microbiome-age-defense-cream-P453824?icid2=products%20grid:p453824,Vital-E™ Microbiome Age Defense Cream
178,https://www.sephora.com/product/gold-camellia-beauty-oil-P403315?icid2=products%20grid:p403315,Gold Camellia Beauty Oil
179,https://www.sephora.com/product/vine-activ-overnight-detox-oil-P417122?icid2=products%20grid:p417122,Vine[activ] Overnight Detox Oil
180,https://www.sephora.com/product/essential-energy-moisturizing-cream-P428089?icid2=products%20grid:p428089,Essential Energy Moisturizing Cream
181,https://www.sephora.com/product/adaptogen-sooth-hydrate-activated-mist-P444980?icid2=products%20grid:p444980,Adaptogen Soothe + Hydrate Activated Mist with Reishi + Ashwagandha
182,https://www.sephora.com/product/5-in-1-face-cream-spf-30-P263006?icid2=products%20grid:p263006,5 in 1 Face Cream SPF 30
183,https://www.sephora.com/product/after-dark-natural-peptide-sleeping-cream-P444216?icid2=products%20grid:p444216,After-Dark Natural Peptide Sleeping Cream
184,https://www.sephora.com/product/ginzing-tm-energy-boosting-moisturizer-P378852?icid2=products%20grid:p378852,GinZing™ Ultra-Hydrating Energy-Boosting Cream
185,https://www.sephora.com/product/sleep-tight-firming-night-balm-with-echinacea-greenenvy-P399973?icid2=products%20grid:p399973,Sleep Tight Firming Night Balm
186,https://www.sephora.com/product/sobel-skin-rx-bio-hyaluronic-moisturizing-cream-P451749?icid2=products%20grid:p451749,Bio Hyaluronic Moisturizing Cream
187,https://www.sephora.com/product/glow-stick-sunscreen-spf-50-P429953?icid2=products%20grid:p429953,Glow Stick SPF 50
188,https://www.sephora.com/product/milk-makeup-vegan-milk-moisturizer-mini-P453609?icid2=products%20grid:p453609,Vegan Milk Moisturizer Mini
189,https://www.sephora.com/product/dr-barbara-sturm-face-cream-P447781?icid2=products%20grid:p447781,Face Cream
190,https://www.sephora.com/product/purity-made-simple-ultra-light-moisturizer-P428413?icid2=products%20grid:p428413,Purity Made Simple Ultra-Light Moisturizer
191,https://www.sephora.com/product/goat-milk-moisturizing-cream-P232910?icid2=products%20grid:p232910,Goat Milk Moisturizing Cream
192,https://www.sephora.com/product/time-freeze-sleeping-mask-P420653?icid2=products%20grid:p420653,Time Freeze Sleeping Mask
193,https://www.sephora.com/product/ultra-facial-moisturizer-P422005?icid2=products%20grid:p422005,Ultra Facial Moisturizer
194,https://www.sephora.com/product/retinol-0-5-retexturizing-cream-P439427?icid2=products%20grid:p439427,Retinol 0.5 Retexturizing Cream
195,https://www.sephora.com/product/make-up-removing-cleansing-oil-P401244?icid2=products%20grid:p401244,Make-Up Removing Cleansing Oil
196,https://www.sephora.com/product/turnaround-overnight-revitalizing-moisturizer-P296834?icid2=products%20grid:p296834,Turnaround Overnight Revitalizing Moisturizer
197,https://www.sephora.com/product/plantscription-spf-25-power-anti-aging-cream-P409834?icid2=products%20grid:p409834,Plantscription™ SPF 25 Power Anti-Aging Cream
198,https://www.sephora.com/product/no-worries-hydrating-face-moisturizer-P430835?icid2=products%20grid:p430835,No Worries Hydrating Face Moisturizer
199,https://www.sephora.com/product/ultimate-revival-cream-P375854?icid2=products%20grid:p375854,Ultimate Revival Cream
200,https://www.sephora.com/product/hungarian-water-essence-P394633?icid2=products%20grid:p394633,Hungarian Water Essence
201,https://www.sephora.com/product/sobel-skin-rx-4-5-retinol-night-treatment-P447213?icid2=products%20grid:p447213,4.5% Retinol Night Treatment
202,https://www.sephora.com/product/dr-dennis-gross-skincare-stress-repair-face-cream-with-niacinamide-P453821?icid2=products%20grid:p453821,Stress Repair Face Cream with Niacinamide
203,https://www.sephora.com/product/benefiance-nutriperfect-night-cream-P202935?icid2=products%20grid:p202935,Benefiance NutriPerfect Night Cream
204,https://www.sephora.com/product/100-pure-argan-oil-light-P380805?icid2=products%20grid:p380805,100 percent Pure Argan Oil Light
205,https://www.sephora.com/product/eczema-dermatitis-face-balm-P442843?icid2=products%20grid:p442843,Eczema+ Dermatitis Face Balm
206,https://www.sephora.com/product/mario-badescu-facial-spray-with-aloe-cucumber-green-tea-P440483?icid2=products%20grid:p440483,"Facial Spray with Aloe, Cucumber and Green Tea"
207,https://www.sephora.com/product/benefiance-wrinkle-smoothing-cream-P448200?icid2=products%20grid:p448200,Benefiance Wrinkle Smoothing Cream
208,https://www.sephora.com/product/special-cleansing-gel-P423136?icid2=products%20grid:p423136,Special Cleansing Gel
209,https://www.sephora.com/product/find-your-balance-oil-control-cleanser-P416815?icid2=products%20grid:p416815,Find Your Balance™ Oil Control Cleanser
210,https://www.sephora.com/product/liquid-facial-soap-P139000?icid2=products%20grid:p139000,Liquid Facial Soap
211,https://www.sephora.com/product/makeup-breakup-cool-cleansing-oil-P254604?icid2=products%20grid:p254604,MakeUp-BreakUp Cool Cleansing Oil
212,https://www.sephora.com/product/kombucha-11-aha-exfoliation-power-toner-P446935?icid2=products%20grid:p446935,Kombucha + 11% AHA Exfoliation Power Toner
213,https://www.sephora.com/product/cleansing-exfoliating-wipes-P410144?icid2=products%20grid:p410144,Cleansing Wipes - Coconut Water
214,https://www.sephora.com/product/calendula-deep-clean-foaming-face-wash-P422013?icid2=products%20grid:p422013,Calendula Deep Clean Foaming Face Wash
215,https://www.sephora.com/product/sugar-strawberry-exfoliating-face-wash-P445827?icid2=products%20grid:p445827,Sugar Strawberry Exfoliating Face Wash
216,https://www.sephora.com/product/alpyn-beauty-plantgenius-creamy-bubbling-cleanser-with-fruit-enzymes-ahas-P455614?icid2=products%20grid:p455614,PlantGenius® Creamy Bubbling Cleanser with Fruit Enzymes & AHAs
217,https://www.sephora.com/product/ultra-repair-wild-oat-hydrating-toner-P447603?icid2=products%20grid:p447603,Ultra Repair Wild Oat Hydrating Toner
218,https://www.sephora.com/product/regenerating-cleanser-P379710?icid2=products%20grid:p379710,Regenerating Exfoliating Cleanser
219,https://www.sephora.com/product/pore-balance-tm-facial-sauna-scrub-P418872?icid2=products%20grid:p418872,Pore-Balance™ Facial Sauna Scrub
220,https://www.sephora.com/product/facial-treatment-clear-lotion-P375853?icid2=products%20grid:p375853,Facial Treatment Clear Lotion Toner
221,https://www.sephora.com/product/precleanse-P423148?icid2=products%20grid:p423148,Precleanse Cleansing Oil
222,https://www.sephora.com/product/treatment-toner-P232934?icid2=products%20grid:p232934,Treatment Toner
223,https://www.sephora.com/product/purifying-cleansing-gel-P61204?icid2=products%20grid:p61204,Purifying Cleansing Gel
224,https://www.sephora.com/product/blueberry-bounce-gentle-cleanser-P436359?icid2=products%20grid:p436359,Blueberry Bounce Gentle Cleanser
225,https://www.sephora.com/product/the-cleansing-foam-P416344?icid2=products%20grid:p416344,The Cleansing Foam
226,https://www.sephora.com/product/aha-bha-exfoliating-cleanser-P4010?icid2=products%20grid:p4010,AHA/BHA Exfoliating Cleanser
227,https://www.sephora.com/product/moisturizing-toner-P253623?icid2=products%20grid:p253623,Moisturizing Toner
228,https://www.sephora.com/product/clarifying-lotion-2-P122882?icid2=products%20grid:p122882,Clarifying Lotion 2
229,https://www.sephora.com/product/sens-eyes-waterproof-sensitive-eye-cleanser-P171101?icid2=products%20grid:p171101,Sens’Eyes - Waterproof Sensitive Eye Cleanser
230,https://www.sephora.com/product/eradikate-daily-cleanser-acne-treatment-P415667?icid2=products%20grid:p415667,EradiKate® Daily Cleanser Acne Treatment
231,https://www.sephora.com/product/treatment-enzyme-peel-P232931?icid2=products%20grid:p232931,Treatment Enzyme Peel Cleansing Powder
232,https://www.sephora.com/product/the-method-polish-P399737?icid2=products%20grid:p399737,The Method: Polish Normal-Combination Skin
233,https://www.sephora.com/product/clarifying-cleanser-P4016?icid2=products%20grid:p4016,Clarifying Cleanser
234,https://www.sephora.com/product/cleanser-P381436?icid2=products%20grid:p381436,Cleanser
235,https://www.sephora.com/product/sugar-face-polish-P12295?icid2=products%20grid:p12295,Sugar Face Polish Exfoliator
236,https://www.sephora.com/product/anti-aging-cleansing-gel-P39274?icid2=products%20grid:p39274,Anti-Aging Cleansing Gel
237,https://www.sephora.com/product/ultra-facial-cleanser-P422007?icid2=products%20grid:p422007,Ultra Facial Cleanser
238,https://www.sephora.com/product/cleansing-oil-in-balm-P427609?icid2=products%20grid:p427609,Cleansing Oil-in-Balm
239,https://www.sephora.com/product/soft-touch-cotton-pads-P312914?icid2=products%20grid:p312914,Soft Touch Cotton Pads
240,https://www.sephora.com/product/facial-treatment-cleanser-P375850?icid2=products%20grid:p375850,Facial Treatment Cleanser
241,https://www.sephora.com/product/rub-a-dub-refining-peel-gel-P423971?icid2=products%20grid:p423971,Rub-A-Dub Refining Peel Gel
242,https://www.sephora.com/product/clarifying-cleanser-P429954?icid2=products%20grid:p429954,Clarifying Blemish & Oil Control Cleanser
243,https://www.sephora.com/product/exfoliating-scrub-P122718?icid2=products%20grid:p122718,Exfoliating Scrub
244,https://www.sephora.com/product/cleansing-wipes-watermelon-hydrating-P433300?icid2=products%20grid:p433300,Cleansing Wipes - Watermelon - Hydrating
245,https://www.sephora.com/product/bye-bye-pores-leave-on-solution-pore-refining-toner-P448934?icid2=products%20grid:p448934,Bye Bye Pores Leave-On Solution Pore-Refining Toner
246,https://www.sephora.com/product/flashmud-tm-brightening-treatment-P397313?icid2=products%20grid:p397313,FLASHMUD™ Brightening Treatment Mask
247,https://www.sephora.com/product/knockout-tingling-treatment-P427427?icid2=products%20grid:p427427,Knockout Tingle Treatment Toner
248,https://www.sephora.com/product/milk-makeup-vegan-milk-cleanser-P456126?icid2=products%20grid:p456126,Vegan Milk Cleanser
249,https://www.sephora.com/product/truth-on-the-glow-cleansing-cloths-P385342?icid2=products%20grid:p385342,Truth™ On the Glow Cleansing Cloths
250,https://www.sephora.com/product/clean-bee-ultra-gentle-facial-cleanser-P431187?icid2=products%20grid:p431187,Clean Bee Ultra Gentle Facial Cleanser
251,https://www.sephora.com/product/micellar-cleansing-water-P381020?icid2=products%20grid:p381020,Micellar Cleansing Water
252,https://www.sephora.com/product/supertoner-exfoliating-acid-solution-P441865?icid2=products%20grid:p441865,SUPERTONER™ Exfoliating Acid Solution Toner
253,https://www.sephora.com/product/the-microdelivery-exfoliating-wash-P184109?icid2=products%20grid:p184109,The Microdelivery Exfoliating Facial Wash
254,https://www.sephora.com/product/confidence-in-cleanser-tm-skin-transforming-hydrating-cleansing-serum-P426829?icid2=products%20grid:p426829,Confidence in a Cleanser
255,https://www.sephora.com/product/time-release-acne-cleanser-P254720?icid2=products%20grid:p254720,Time Release Acne Cleanser
256,https://www.sephora.com/product/squalane-glycolic-renewal-facial-P433886?icid2=products%20grid:p433886,Squalane + Glycolic Renewal Mask
257,https://www.sephora.com/product/acne-solutions-cleansing-foam-P188309?icid2=products%20grid:p188309,Acne Solutions Cleansing Foam
258,https://www.sephora.com/product/cleansing-exfoliating-wipes-P410148?icid2=products%20grid:p410148,Cleansing Wipes - Rose - Moisturizing
259,https://www.sephora.com/product/ultra-facial-toner-P422011?icid2=products%20grid:p422011,Ultra Facial Toner
260,https://www.sephora.com/product/treatment-cleansing-foam-P232930?icid2=products%20grid:p232930,Treatment Cleansing Foam
261,https://www.sephora.com/product/detoxifying-black-cleanser-P302940?icid2=products%20grid:p302940,Detoxifying Black Charcoal Cleanser
262,https://www.sephora.com/product/exfoliating-peel-gel-P393292?icid2=products%20grid:p393292,Exfoliating Peel Gel
263,https://www.sephora.com/product/bye-bye-makeup-3-in-1-makeup-melting-cleansing-balm-P411399?icid2=products%20grid:p411399,Bye Bye Makeup Cleansing Balm
264,https://www.sephora.com/product/vinopure-pore-purifying-gel-cleanser-P446939?icid2=products%20grid:p446939,Vinopure Pore Purifying Gel Cleanser
265,https://www.sephora.com/product/pure-clean-daily-facial-cleanser-P171300?icid2=products%20grid:p171300,Pure Clean Daily Facial Cleanser
266,https://www.sephora.com/product/juju-bar-P392249?icid2=products%20grid:p392249,JuJu Exfoliating Bar
267,https://www.sephora.com/product/acne-solutions-clarifying-lotion-P188307?icid2=products%20grid:p188307,Acne Solutions Clarifying Lotion
268,https://www.sephora.com/product/vinopure-natural-salicylic-acid-pore-minimizing-toner-P433625?icid2=products%20grid:p433625,Vinopure Natural Salicylic Acid Pore Minimizing Toner
269,https://www.sephora.com/product/cleansing-exfoliating-wipes-P410157?icid2=products%20grid:p410157,Exfoliating Wipes - Charcoal - Detoxifying
270,https://www.sephora.com/product/micellar-magic-makeup-remover-cleanser-P441841?icid2=products%20grid:p441841,Micellar Magic Makeup Remover & Cleanser
271,https://www.sephora.com/product/pekee-bar-tm-P392248?icid2=products%20grid:p392248,Pekee™ Cleansing Bar
272,https://www.sephora.com/product/ceramic-slip-clay-cleanser-P309310?icid2=products%20grid:p309310,Ceramic Slip Cleanser
273,https://www.sephora.com/product/umbrian-clay-mattifying-face-exfoliant-P379065?icid2=products%20grid:p379065,Umbrian Clay Pore Purifying Face Exfoliator
274,https://www.sephora.com/product/clarifying-cleansing-foam-P433618?icid2=products%20grid:p433618,Clarifying Cleansing Foam
275,https://www.sephora.com/product/rare-earth-deep-pore-daily-cleanser-P422248?icid2=products%20grid:p422248,Rare Earth Deep Pore Daily Cleanser
276,https://www.sephora.com/product/baby-pekee-bar-tm-juju-bar-tm-travel-duo-P405584?icid2=products%20grid:p405584,Baby Pekee Bar™ + Juju Bar Travel Duo
277,https://www.sephora.com/product/deep-cleansing-exfoliator-P374574?icid2=products%20grid:p374574,Deep Cleansing Exfoliator
278,https://www.sephora.com/product/barrier-foaming-oil-cleanser-P442836?icid2=products%20grid:p442836,Barrier+ Foaming Oil Cleanser
279,https://www.sephora.com/product/cleansing-spa-water-cloths-P294018?icid2=products%20grid:p294018,Cleansing Spa Water Cloths
280,https://www.sephora.com/product/purifying-cleanser-P392144?icid2=products%20grid:p392144,Purifying Pore Detox Cleanser
281,https://www.sephora.com/product/clean-skin-gel-cleanse-tone-P438618?icid2=products%20grid:p438618,Clean Skin Gel - Cleanse + Tone
282,https://www.sephora.com/product/pep-start-2-in-1-exfoliating-cleanser-P409101?icid2=products%20grid:p409101,Pep-Start 2-in-1 Exfoliating Cleanser
283,https://www.sephora.com/product/multi-active-toner-P423150?icid2=products%20grid:p423150,Multi-Active Toner
284,https://www.sephora.com/product/clarifying-lotion-3-P122881?icid2=products%20grid:p122881,Clarifying Lotion 3
285,https://www.sephora.com/product/cleansing-spa-water-P294007?skuId=2042372&icid2=products%20grid:p294007,Cleansing Spa Water Makeup Remover
286,https://www.sephora.com/product/triple-action-cleansing-water-P297132?icid2=products%20grid:p297132,Triple Action Cleansing Water
287,https://www.sephora.com/product/blackhead-solutions-7-day-deep-pore-cleanse-scrub-P432242?icid2=products%20grid:p432242,Blackhead Solutions 7 Day Deep Pore Cleanse & Scrub
288,https://www.sephora.com/product/evercalm-gentle-cleansing-milk-P174626?icid2=products%20grid:p174626,Evercalm™ Gentle Cleansing Milk
289,https://www.sephora.com/product/ultracalming-cleanser-P423127?icid2=products%20grid:p423127,Ultracalming Cleanser
290,https://www.sephora.com/product/mario-badescu-glycolic-acid-toner-P440486?icid2=products%20grid:p440486,Glycolic Acid Toner
291,https://www.sephora.com/product/salicylic-acid-cleanser-P443833?icid2=products%20grid:p443833,Salicylic Acid Acne + Pore Cleanser
292,https://www.sephora.com/product/take-day-off-micellar-cleansing-towelettes-for-face-eyes-P406924?icid2=products%20grid:p406924,Take The Day Off Micellar Cleansing Towelettes for Face & Eyes
293,https://www.sephora.com/product/epidermal-re-texturizing-micro-dermabrasion-P431733?icid2=products%20grid:p431733,Epidermal Re-Texturizing Micro-Dermabrasion
294,https://www.sephora.com/product/nutritious-radiant-vitality-2-in-1-foam-cleanser-P380019?icid2=products%20grid:p380019,Nutritious Super-Pomegranate Radiant Energy 2-in-1 Cleansing Foam
295,https://www.sephora.com/product/toning-lotion-normal-dry-skin-P94801?icid2=products%20grid:p94801,Toning Lotion with Camomile
296,https://www.sephora.com/product/eudermine-revitalizing-essence-P173653?icid2=products%20grid:p173653,Eudermine Revitalizing Essence
297,https://www.sephora.com/product/rinse-off-foaming-cleanser-P122762?icid2=products%20grid:p122762,Rinse-Off Foaming Cleanser
298,https://www.sephora.com/product/aqua-bomb-jelly-cleanser-P444057?icid2=products%20grid:p444057,Aqua Bomb Jelly Cleanser
299,https://www.sephora.com/product/white-lucent-brightening-cleansing-foam-P173660?icid2=products%20grid:p173660,White Lucent Brightening Cleansing Foam
300,https://www.sephora.com/product/essential-c-cleanser-P9941?icid2=products%20grid:p9941,Essential-C Cleanser
301,https://www.sephora.com/product/clarifying-toner-P4015?icid2=products%20grid:p4015,Clarifying Toner
302,https://www.sephora.com/product/deep-dive-glycolic-facial-cleanser-P385674?icid2=products%20grid:p385674,Deep Dive™ Glycolic Facial Cleanser
303,https://www.sephora.com/product/bear-naked-wipes-P223416?icid2=products%20grid:p223416,Bear Naked Wipes
304,https://www.sephora.com/product/nourishing-oil-cleanser-P392142?icid2=products%20grid:p392142,Nourishing Makeup Removing Oil Cleanser
305,https://www.sephora.com/product/jasmine-green-tea-balancing-toner-P421600?icid2=products%20grid:p421600,Jasmine Green Tea Balancing Toner
306,https://www.sephora.com/product/midnight-recovery-botanical-cleansing-oil-P422257?icid2=products%20grid:p422257,Midnight Recovery Botanical Cleansing Oil
307,https://www.sephora.com/product/sea-deep-dive-cleansing-gel-P405096?icid2=products%20grid:p405096,SEA Deep Dive Cleansing Gel
308,https://www.sephora.com/product/face-buff-energizing-scrub-P12571?icid2=products%20grid:p12571,Face Buff Energizing Scrub
309,https://www.sephora.com/product/purity-made-simple-one-step-facial-cleansing-cloths-P374947?icid2=products%20grid:p374947,Purity Made Simple One-Step Facial Cleansing Cloths
310,https://www.sephora.com/product/clear-complexion-cleanser-P199612?icid2=products%20grid:p199612,Clear Complexion Cleanser
311,https://www.sephora.com/product/skin-rescue-deep-cleanser-with-red-clay-P384539?icid2=products%20grid:p384539,Skin Rescue Deep Cleanser With Red Clay
312,https://www.sephora.com/product/8-glycolic-solutions-toner-P422233?icid2=products%20grid:p422233,8% Glycolic Solutions Toner
313,https://www.sephora.com/product/liquid-gold-with-glycolic-acid-P440949?icid2=products%20grid:p440949,Liquid Gold Exfoliating Treatment
314,https://www.sephora.com/product/goat-milk-moisturizing-cleanser-P440305?icid2=products%20grid:p440305,Goat Milk Moisturizing Cleanser
315,https://www.sephora.com/product/3-glycolic-solutions-cleanser-P422232?icid2=products%20grid:p422232,3% Glycolic Solutions Cleanser
316,https://www.sephora.com/product/black-charcoal-blotting-linens-P387006?icid2=products%20grid:p387006,Black Charcoal Blotting Linens
317,https://www.sephora.com/product/gentle-foaming-cleanser-P228101?icid2=products%20grid:p228101,Gentle Foaming Cleanser with Cottonseed
318,https://www.sephora.com/product/rinse-off-eye-makeup-solvent-P122763?icid2=products%20grid:p122763,Rinse-Off Eye Makeup Solvent
319,https://www.sephora.com/product/exfoilating-wipes-papaya-glow-P433301?icid2=products%20grid:p433301,Exfoilating Wipes - Papaya - Glow
320,https://www.sephora.com/product/baby-bar-travel-duo-with-case-P440658?icid2=products%20grid:p440658,Baby Bar Travel Duo with Case
321,https://www.sephora.com/product/supercleanse-tm-clearing-cream-to-foam-cleanser-P421948?icid2=products%20grid:p421948,SUPERCLEANSE™ Clearing Cream-to-Foam Cleanser
322,https://www.sephora.com/product/the-method-cleanse-P399740?icid2=products%20grid:p399740,The Method: Cleanse
323,https://www.sephora.com/product/poly-hydroxide-acid-toner-P450262?icid2=products%20grid:p450262,Polyhydroxy Acid (PHA) Gentle Exfoliating Toner
324,https://www.sephora.com/product/7-day-scrub-cream-rinse-off-formula-P122661?icid2=products%20grid:p122661,7 Day Scrub Cream Rinse-Off Formula
325,https://www.sephora.com/product/the-method-polish-blemish-control-P399739?icid2=products%20grid:p399739,The Method: Polish Oily-Congested Skin
326,https://www.sephora.com/product/benefiance-wrinkleresist24-balancing-softener-enriched-P173612?icid2=products%20grid:p173612,Benefiance WrinkleResist24 Balancing Softener Enriched
327,https://www.sephora.com/product/soy-face-cleansing-milk-P411016?icid2=products%20grid:p411016,Soy Face Cleansing Milk
328,https://www.sephora.com/product/dermaclear-micro-water-P444219?icid2=products%20grid:p444219,Dermaclear™ Micro Water
329,https://www.sephora.com/product/creme-radiance-clarifying-cream-to-foam-cleanser-P217932?icid2=products%20grid:p217932,Crème Radiance Gentle Cleansing Creamy-Foam Cleanser
330,https://www.sephora.com/product/essential-c-toner-P9939?icid2=products%20grid:p9939,Essential-C Toner
331,https://www.sephora.com/product/detoxifying-foam-cleanser-ghassoul-clay-extract-P422358?icid2=products%20grid:p422358,Detoxifying Foam Cleanser Ghassoul Clay Extract
332,https://www.sephora.com/product/the-cleansing-gel-P417113?icid2=products%20grid:p417113,The Cleansing Gel
333,https://www.sephora.com/product/gentle-cleansing-milk-P6026?icid2=products%20grid:p6026,Gentle Cleansing Milk
334,https://www.sephora.com/product/mattifying-blotting-films-P388013?icid2=products%20grid:p388013,Mattifying Blotting Films
335,https://www.sephora.com/product/essential-power-skin-toner-for-normal-to-dry-skin-P420671?icid2=products%20grid:p420671,Essential Power Skin Toner for Normal to Dry Skin
336,https://www.sephora.com/product/witch-hazel-herbal-extract-toner-P394632?icid2=products%20grid:p394632,Witch Hazel Herbal Extract Toner
337,https://www.sephora.com/product/perfectly-clean-multi-action-foam-cleanser-purifying-mask-P380027?icid2=products%20grid:p380027,Perfectly Clean Multi-Action Foam Cleanser/Purifying Mask
338,https://www.sephora.com/product/glycolic-acid-toner-P443838?icid2=products%20grid:p443838,Glycolic Acid Exfoliating Toner
339,https://www.sephora.com/product/zero-oil-pore-purifying-toner-P297544?icid2=products%20grid:p297544,Zero Oil™ Pore Purifying Toner
340,https://www.sephora.com/product/clearcalm-3-clarifying-clay-cleanser-P265700?icid2=products%20grid:p265700,ClearCalm 3 Clarifying Clay Cleanser
341,https://www.sephora.com/product/problem-solution-toner-P410817?icid2=products%20grid:p410817,Problem Solution Toner
342,https://www.sephora.com/product/acne-clearing-wash-P410883?icid2=products%20grid:p410883,Acne Clearing Wash
343,https://www.sephora.com/product/aqua-bomb-hydrating-toner-P449175?icid2=products%20grid:p449175,Aqua Bomb Hydrating Toner
344,https://www.sephora.com/product/blotting-papers-P414705?icid2=products%20grid:p414705,Blotting Papers
345,https://www.sephora.com/product/rise-shine-gentle-cleanser-P428249?icid2=products%20grid:p428249,Rise + Shine Gentle Cleanser
346,https://www.sephora.com/product/seaberry-skin-nutrition-cleansing-oil-P405935?icid2=products%20grid:p405935,Seaberry Skin Nutrition Cleansing Oil
347,https://www.sephora.com/product/prep-n-glow-cloths-P414661?icid2=products%20grid:p414661,Prep-N-Glow™ Cloths
348,https://www.sephora.com/product/naturally-gentle-eye-makeup-remover-P122675?icid2=products%20grid:p122675,Naturally Gentle Eye Makeup Remover
349,https://www.sephora.com/product/bamboo-charcoal-detoxifying-soap-bar-P407444?icid2=products%20grid:p407444,Bamboo Charcoal Detoxifying Soap Bar
350,https://www.sephora.com/product/perfect-cleansing-oil-P388545?icid2=products%20grid:p388545,Perfect Cleansing Oil
351,https://www.sephora.com/product/renewing-cleansing-cream-P38217?icid2=products%20grid:p38217,Renewing Cleansing Cream
352,https://www.sephora.com/product/major-moisture-gentle-cream-cleanser-P433972?icid2=products%20grid:p433972,Major Moisture Gentle Cream Cleanser
353,https://www.sephora.com/product/fab-skin-lab-resurfacing-liquid-10-aha-P416826?icid2=products%20grid:p416826,FAB Skin Lab Resurfacing Liquid 10% AHA
354,https://www.sephora.com/product/plantscription-tm-anti-aging-cleanser-P377919?icid2=products%20grid:p377919,Plantscription™ Anti-Aging Cleanser
355,https://www.sephora.com/product/sea-frxxxtion-stick-exfoliating-cleanser-P409631?icid2=products%20grid:p409631,SEA FRXXXTION Stick Exfoliating Cleanser
356,https://www.sephora.com/product/rose-cleansing-foam-P378336?icid2=products%20grid:p378336,Rose Cleansing Foam
357,https://www.sephora.com/product/martian-mattifying-melting-water-gel-toner-P410243?icid2=products%20grid:p410243,Martian Mattifying Melting Water-Gel Toner
358,https://www.sephora.com/product/blue-herbal-acne-cleanser-treatment-P422019?icid2=products%20grid:p422019,Blue Herbal Acne Cleanser Treatment
359,https://www.sephora.com/product/renewing-cleanser-P440061?icid2=products%20grid:p440061,Renewing Cleanser
360,https://www.sephora.com/product/dermaclear-micro-foam-P444220?icid2=products%20grid:p444220,Dermaclear™ Micro Foam
361,https://www.sephora.com/product/extra-gentle-bi-phase-makeup-remover-for-eyes-lips-P429979?icid2=products%20grid:p429979,Extra-Gentle Bi-Phase Makeup Remover For Eyes & Lips
362,https://www.sephora.com/product/multi-miracle-glow-P433524?icid2=products%20grid:p433524,Multi-Miracle Glow Cleansing Balm
363,https://www.sephora.com/product/3-muslin-cloths-P381435?icid2=products%20grid:p381435,3 Muslin Cloths
364,https://www.sephora.com/product/clarifying-toner-P446624?icid2=products%20grid:p446624,Clear Skin Days by Sephora Collection Clarifying Toner
365,https://www.sephora.com/product/one-step-acne-eliminating-pads-P381405?icid2=products%20grid:p381405,DRx Acne Eliminating Pads
366,https://www.sephora.com/product/mario-badescu-acne-facial-cleanser-P440490?icid2=products%20grid:p440490,Acne Facial Cleanser
367,https://www.sephora.com/product/tonique-douceur-alcohol-free-freshener-P155706?icid2=products%20grid:p155706,Tonique Douceur Softening Hydrating Toner with Rose Water
368,https://www.sephora.com/product/creamy-cleansing-foam-moist-P394627?icid2=products%20grid:p394627,Creamy Cleansing Foam Moist
369,https://www.sephora.com/product/queen-of-hungary-mist-P309207?icid2=products%20grid:p309207,Queen of Hungary Mist
370,https://www.sephora.com/product/meltdown-makeup-remover-dissolving-spray-P418593?icid2=products%20grid:p418593,Meltdown Makeup Remover Dissolving Spray
371,https://www.sephora.com/product/daily-superfoliant-P423123?icid2=products%20grid:p423123,Daily Superfoliant Exfoliator
372,https://www.sephora.com/product/a-perfect-world-age-defense-treatment-lotion-with-white-tea-P297529?icid2=products%20grid:p297529,A Perfect World™ Age-Defense Treatment Lotion with White Tea
373,https://www.sephora.com/product/instant-eye-makeup-remover-P94902?icid2=products%20grid:p94902,Instant Eye Makeup Remover
374,https://www.sephora.com/product/redness-solutions-soothing-cleanser-P201439?icid2=products%20grid:p201439,Redness Solutions Soothing Cleanser
375,https://www.sephora.com/product/gentlybubble-daily-conditioning-cleanser-P442988?icid2=products%20grid:p442988,GENTLEBUBBLE ™ Daily Conditioning Cleanser
376,https://www.sephora.com/product/umbrian-clay-purifying-facial-toner-P408643?icid2=products%20grid:p408643,Umbrian Clay Purifying Facial Toner
377,https://www.sephora.com/product/hydrating-essence-toner-P386910?icid2=products%20grid:p386910,Hydrating Essence Toner
378,https://www.sephora.com/product/breakout-clearing-foaming-wash-P443365?icid2=products%20grid:p443365,Breakout Clearing Foaming Wash
379,https://www.sephora.com/product/facial-radiance-polish-P378869?icid2=products%20grid:p378869,Facial Radiance Polish
380,https://www.sephora.com/product/exfoliating-wipes-pineapple-smoothing-P433303?icid2=products%20grid:p433303,Exfoliating Wipes - Pineapple - Smoothing
381,https://www.sephora.com/product/replenishing-oil-exfoliator-P431416?icid2=products%20grid:p431416,The Replenishing Oil Exfoliator
382,https://www.sephora.com/product/treatment-cleansing-oil-face-eyes-P232933?icid2=products%20grid:p232933,Treatment Cleansing Oil Face & Eyes
383,https://www.sephora.com/product/cucumber-herbal-alcohol-free-toner-P422250?icid2=products%20grid:p422250,Cucumber Herbal Alcohol-Free Toner
384,https://www.sephora.com/product/turmeric-brightening-polish-P421953?icid2=products%20grid:p421953,Turmeric Brightening Polish
385,https://www.sephora.com/product/instant-long-wear-makeup-remover-P270562?icid2=products%20grid:p270562,Instant Long-Wear Makeup Remover
386,https://www.sephora.com/product/clarifying-lotion-1-P122651?icid2=products%20grid:p122651,Clarifying Lotion 1
387,https://www.sephora.com/product/matcha-toner-P419520?icid2=products%20grid:p419520,Matcha Toner
388,https://www.sephora.com/product/water-drench-cleanser-P423171?icid2=products%20grid:p423171,Water Drench Cleanser
389,https://www.sephora.com/product/ren-perfect-canvas-clean-jelly-oil-cleanser-P454095?icid2=products%20grid:p454095,Perfect Canvas Clean Jelly Oil Cleanser
390,https://www.sephora.com/product/essential-power-skin-toner-for-combination-to-oily-skin-P420672?icid2=products%20grid:p420672,Essential Power Skin Toner for Combination to Oily Skin
391,https://www.sephora.com/product/united-state-balancing-tonic-P297533?icid2=products%20grid:p297533,United State™ Balancing Tonic
392,https://www.sephora.com/product/fresh-pressed-renewing-powder-cleanser-P417323?icid2=products%20grid:p417323,Fresh Pressed Renewing Powder Cleanser with Pure Vitamin C
393,https://www.sephora.com/product/mega-mushroom-skin-relief-micellar-cleanser-P401570?icid2=products%20grid:p401570,Mega-Mushroom Skin Relief Micellar Cleanser
394,https://www.sephora.com/product/coconut-rose-toner-P416144?icid2=products%20grid:p416144,Coconut Rose Toner
395,https://www.sephora.com/product/mario-badescu-glycolic-foaming-cleanser-P440489?icid2=products%20grid:p440489,Glycolic Foaming Cleanser
396,https://www.sephora.com/product/the-cleansing-micellar-water-P417114?icid2=products%20grid:p417114,The Cleansing Micellar Water
397,https://www.sephora.com/product/multi-deep-clean-cleanser-P447594?icid2=products%20grid:p447594,Multi Deep-Clean Cleanser
398,https://www.sephora.com/product/deep-cleansing-face-wash-P440069?icid2=products%20grid:p440069,Deep Cleansing Face Wash
399,https://www.sephora.com/product/instant-eye-lip-makeup-remover-P173629?icid2=products%20grid:p173629,Instant Eye And Lip Makeup Remover
400,https://www.sephora.com/product/genius-ultimate-anti-aging-melting-cleanser-P388200?icid2=products%20grid:p388200,GENIUS Ultimate Anti-Aging Melting Cleanser
401,https://www.sephora.com/product/gentle-rejuvenating-cleanser-P296413?icid2=products%20grid:p296413,Gentle Rejuvenating Cleanser
402,https://www.sephora.com/product/black-tea-firming-eye-serum-P439626?icid2=products%20grid:p439626,Black Tea Firming Eye Serum
403,https://www.sephora.com/product/proactiv-solution-3-step-acne-treatment-system-30-day-introductory-size-P440653?icid2=products%20grid:p440653,"Proactiv Solution 3-Step Acne Treatment System, 30 Day Introductory Size"
404,https://www.sephora.com/product/yves-saint-laurent-pure-shots-y-shape-firming-serum-P454074?icid2=products%20grid:p454074,Pure Shots Y Shape Firming Serum
405,https://www.sephora.com/product/pro-strength-lactic-pore-treatment-P448719?icid2=products%20grid:p448719,PRO Strength Lactic Pore Treatment
406,https://www.sephora.com/product/rapid-collagen-infusion-P377178?icid2=products%20grid:p377178,Rapid Collagen Infusion
407,https://www.sephora.com/product/perfectionist-cp-r-wrinkle-lifting-firming-serum-P379995?icid2=products%20grid:p379995,Perfectionist CP+R Wrinkle Lifting/Firming Serum
408,https://www.sephora.com/product/premier-cru-serum-P427509?icid2=products%20grid:p427509,Premier Cru Anti-Aging Serum
409,https://www.sephora.com/product/visionnaire-skin-solutions-15-pure-vitamin-c-correcting-concentrate-P440471?icid2=products%20grid:p440471,Visionnaire Skin Solutions 15% Pure Vitamin C Correcting Concentrate
410,https://www.sephora.com/product/fab-skin-lab-retinol-serum-0-25-pure-concentrate-P416825?icid2=products%20grid:p416825,FAB Skin Lab Retinol Serum 0.25% Pure Concentrate
411,https://www.sephora.com/product/euk-134-0-1-P442833?icid2=products%20grid:p442833,EUK 134 0.1%
412,https://www.sephora.com/product/genius-ultimate-anti-aging-vitamin-c-serum-P392945?icid2=products%20grid:p392945,GENIUS Ultimate Anti-Aging Vitamin C+ Serum
413,https://www.sephora.com/product/proactivmd-3-piece-kit-30-day-introductory-size-P440657?icid2=products%20grid:p440657,"ProactivMD 3-Piece Kit, 30 Day Introductory Size"
414,https://www.sephora.com/product/r-n-a-power-radical-new-age-essence-P405951?icid2=products%20grid:p405951,R.N.A. POWER Anti-Aging Essence Serum
415,https://www.sephora.com/product/youth-revolution-radiance-concentrator-P441061?icid2=products%20grid:p441061,Youth Revolution Vitamin C Radiance Concentrator
416,https://www.sephora.com/product/hyalo-plasma-hyaluronic-intensive-moisturizer-P388974?icid2=products%20grid:p388974,High Potency Classics: Hyaluronic Intensive Moisturizer
417,https://www.sephora.com/product/d-scar-scar-diminishing-serum-P377368?icid2=products%20grid:p377368,D-Scar™ Scar Diminishing Serum
418,https://www.sephora.com/product/primera-wild-seed-firming-serum-P447187?icid2=products%20grid:p447187,Wild Seed Firming Serum
419,https://www.sephora.com/product/age-adapting-facial-serum-P440981?icid2=products%20grid:p440981,Age Adapting CBD Serum
420,https://www.sephora.com/product/emergency-blemish-relief-P440057?icid2=products%20grid:p440057,Emergency Blemish Relief
421,https://www.sephora.com/product/retinol-vita-c-power-serum-P436365?icid2=products%20grid:p436365,+Retinol Vita C Power Serum
422,https://www.sephora.com/product/plantscription-anti-aging-power-serum-P388801?icid2=products%20grid:p388801,Plantscription™ Anti-Aging Power Serum
423,https://www.sephora.com/product/moisture-bound-rejuvenating-serum-P282614?icid2=products%20grid:p282614,MOISTURE BOUND Rejuvenating Serum
424,https://www.sephora.com/product/advanced-acne-wrinkle-reducer-P398067?icid2=products%20grid:p398067,Advanced Acne & Wrinkle Reducer
425,https://www.sephora.com/product/pore-targeting-treatment-P440064?icid2=products%20grid:p440064,Pore Targeting Treatment
426,https://www.sephora.com/product/skin-rescue-acne-clearing-pads-with-white-clay-P430140?icid2=products%20grid:p430140,Skin Rescue Acne Clearing Pads with White Clay
427,https://www.sephora.com/product/b-well-organic-australian-100-tea-tree-oil-P440274?icid2=products%20grid:p440274,B. Well Organic + Australian 100% Tea Tree Oil
428,https://www.sephora.com/product/sunless-tan-anti-aging-face-serum-P418221?icid2=products%20grid:p418221,Organic Sunless Tan Anti-Aging Face Serum
429,https://www.sephora.com/product/biolumin-c-serum-P443370?icid2=products%20grid:p443370,BioLumin-C Vitamin C Serum
430,https://www.sephora.com/product/age-bright-clearing-serum-P445833?icid2=products%20grid:p445833,AGE Bright Clearing Serum
431,https://www.sephora.com/product/bio-retinoid-anti-wrinkle-concentrate-oil-P311126?icid2=products%20grid:p311126,Bio Retinoid Anti-Wrinkle Concentrate Oil
432,https://www.sephora.com/product/vitamin-c-ester-brightening-serum-P378714?icid2=products%20grid:p378714,Vitamin C Ester Brightening Serum
433,https://www.sephora.com/product/fruit-tox-resurfacing-facial-remedy-P444984?icid2=products%20grid:p444984,Fruit-Tox Resurfacing Facial Remedy
434,https://www.sephora.com/product/polyglutamic-acid-P443830?icid2=products%20grid:p443830,Polyglutamic Acid Hydrating Serum
435,https://www.sephora.com/product/omg-omega-great-supplements-P386760?icid2=products%20grid:p386760,OMG! Omega The Great Fish Oil Supplement
436,https://www.sephora.com/product/one-essential-skin-boosting-super-serum-P423264?icid2=products%20grid:p423264,One Essential Skin Boosting Super Serum
437,https://www.sephora.com/product/sea-mermaid-skin-hyaluronic-h2o-serum-P430818?icid2=products%20grid:p430818,SEA Mermaid Skin Hyaluronic H2O Serum
438,https://www.sephora.com/product/idealist-pore-minimizing-skin-refinisher-P379998?icid2=products%20grid:p379998,Idealist Pore Minimizing Skin Refinisher
439,https://www.sephora.com/product/power-recharging-night-pressed-serum-P416552?icid2=products%20grid:p416552,POWER Recharging Night Pressed Serum
440,https://www.sephora.com/product/green-tea-seed-intensive-hydrating-serum-P448212?icid2=products%20grid:p448212,Green Tea Seed Intensive Hydrating Serum
441,https://www.sephora.com/product/turbo-booster-c-powder-P204606?icid2=products%20grid:p204606,Turbo Booster C Powder
442,https://www.sephora.com/product/aha-30-bha-2-peeling-solution-P442563?icid2=products%20grid:p442563,AHA 30% + BHA 2% Peeling Solution
443,https://www.sephora.com/product/c-firma-day-serum-P400259?icid2=products%20grid:p400259,C-Firma™ Vitamin C Day Serum
444,https://www.sephora.com/product/the-ordinary-deciem-niacinamide-10-zinc-1-P427417?icid2=products%20grid:p427417,Niacinamide 10% + Zinc 1%
445,https://www.sephora.com/product/the-ordinary-deciem-hyaluronic-acid-2-b5-P427419?icid2=products%20grid:p427419,Hyaluronic Acid 2% + B5
446,https://www.sephora.com/product/t-l-c-framboos-tm-glycolic-night-serum-P392246?icid2=products%20grid:p392246,T.L.C. Framboos™ Glycolic Resurfacing Night Serum
447,https://www.sephora.com/product/truth-serum-P42343?skuId=1910470&icid2=products%20grid:p42343,Truth Serum®
448,https://www.sephora.com/product/alpha-beta-peel-extra-strength-daily-peel-P269122?icid2=products%20grid:p269122,Alpha Beta® Extra Strength Daily Peel
449,https://www.sephora.com/product/a-passioni-retinol-cream-P439926?icid2=products%20grid:p439926,A-Passioni™ Retinol Cream
450,https://www.sephora.com/product/good-genes-all-in-one-lactic-acid-treatment-P309308?icid2=products%20grid:p309308,Good Genes All-In-One Lactic Acid Treatment
451,https://www.sephora.com/product/the-ordinary-deciem-buffet-P427420?icid2=products%20grid:p427420,"""Buffet"""
452,https://www.sephora.com/product/t-l-c-sukari-babyfacial-P415777?icid2=products%20grid:p415777,T.L.C. Sukari Babyfacial™ 25% AHA + 2% BHA Mask
453,https://www.sephora.com/product/acne-healing-dots-P421275?icid2=products%20grid:p421275,Acne Healing Dots
454,https://www.sephora.com/product/b-hydra-intensive-hydration-gel-P406712?icid2=products%20grid:p406712,B-Hydra™ Intensive Hydration Serum
455,https://www.sephora.com/product/cc-me-vitamin-c-serum-P449180?icid2=products%20grid:p449180,CC Me Vitamin C Serum
456,https://www.sephora.com/product/the-ordinary-deciem-the-no-brainer-set-P428088?icid2=products%20grid:p428088,The No-Brainer Set
457,https://www.sephora.com/product/peace-out-microneedling-anti-wrinkle-retinol-patches-P453819?icid2=products%20grid:p453819,Microneedling Anti-Wrinkle Retinol Patches
458,https://www.sephora.com/product/advanced-night-repair-synchronized-recovery-complex-ii-P379994?icid2=products%20grid:p379994,Advanced Night Repair Synchronized Recovery Complex II
459,https://www.sephora.com/product/violet-c-brightening-serum-vitamin-c-aha-P439058?icid2=products%20grid:p439058,Violet-C Brightening Serum 20% Vitamin C + 10% AHA
460,https://www.sephora.com/product/alpha-beta-universal-daily-peel-P377533?icid2=products%20grid:p377533,Alpha Beta® Universal Daily Peel
461,https://www.sephora.com/product/the-treatment-lotion-P416345?icid2=products%20grid:p416345,The Treatment Lotion
462,https://www.sephora.com/product/the-concentrate-P417108?icid2=products%20grid:p417108,The Concentrate
463,https://www.sephora.com/product/biossance-squalane-10-lactic-acid-resurfacing-night-serum-P453224?icid2=products%20grid:p453224,Squalane + 10% Lactic Acid Resurfacing Night Serum
464,https://www.sephora.com/product/super-mud-clearing-treatment-P376409?icid2=products%20grid:p376409,SUPERMUD® Charcoal Instant Treatment Mask
465,https://www.sephora.com/product/buffet-copper-peptides-1-P442752?icid2=products%20grid:p442752,"""Buffet"" + Copper Peptides 1%"
466,https://www.sephora.com/product/rise-and-glow-P414671?icid2=products%20grid:p414671,Rise + Glow™ Brightening Duo
467,https://www.sephora.com/product/clearly-corrective-dark-spot-solution-P422022?icid2=products%20grid:p422022,Clearly Corrective™ Dark Spot Solution
468,https://www.sephora.com/product/d-bronzi-tm-anti-pollution-sunshine-serum-P432668?icid2=products%20grid:p432668,D-Bronzi™ Anti-Pollution Sunshine Drops
469,https://www.sephora.com/product/advanced-genifique-youth-activating-serum-P379510?icid2=products%20grid:p379510,Advanced Génifique Youth Activating Serum
470,https://www.sephora.com/product/the-ordinary-deciem-lactic-acid-10-ha-2-P427413?icid2=products%20grid:p427413,Lactic Acid 10% + HA
471,https://www.sephora.com/product/facial-radiance-pads-P278317?icid2=products%20grid:p278317,Facial Radiance Pads
472,https://www.sephora.com/product/tatcha-the-serum-stick-treatment-touch-up-balm-P454018?icid2=products%20grid:p454018,The Serum Stick: Treatment & Touch Up Balm
473,https://www.sephora.com/product/c-e-o-rapid-flash-brightening-serum-P418346?icid2=products%20grid:p418346,C.E.O. 15% Vitamin C Brightening Serum
474,https://www.sephora.com/product/nightbright-P414672?icid2=products%20grid:p414672,NightBright™ Resurfacing Duo
475,https://www.sephora.com/product/vinoperfect-radiance-serum-P94421?icid2=products%20grid:p94421,Vinoperfect Anti Dark Spot Serum
476,https://www.sephora.com/product/the-ordinary-deciem-azelaic-acid-suspension-10-P427411?icid2=products%20grid:p427411,Azelaic Acid Suspension 10%
477,https://www.sephora.com/product/double-serum-complete-age-control-concentrate-P421235?icid2=products%20grid:p421235,Double Serum Complete Age Control Concentrate
478,https://www.sephora.com/product/the-ordinary-deciem-alpha-arbutin-2-ha-P427412?icid2=products%20grid:p427412,Alpha Arbutin 2% + HA
479,https://www.sephora.com/product/a-high-dose-retinoid-serum-P440075?icid2=products%20grid:p440075,A+ High-Dose Retinol Serum
480,https://www.sephora.com/product/dark-spots-P442536?icid2=products%20grid:p442536,Microneedling Dark Spot Brightening Dots
481,https://www.sephora.com/product/ultimune-power-infusing-concentrate-P432834?icid2=products%20grid:p432834,Ultimune Power Infusing Serum Concentrate
482,https://www.sephora.com/product/peter-thomas-roth-pro-strength-niacinamide-discoloration-treatment-P454102?icid2=products%20grid:p454102,PRO Strength Niacinamide Discoloration Treatment
483,https://www.sephora.com/product/herbivore-botanicals-prism-20-aha-5-bha-exfoliating-glow-facial-P454100?icid2=products%20grid:p454100,Prism 20% AHA + 5% BHA Exfoliating Glow Facial
484,https://www.sephora.com/product/farsali-liquid-powder-oil-balancing-serum-P454980?icid2=products%20grid:p454980,Liquid Powder Oil Balancing Serum
485,https://www.sephora.com/product/dr-andrew-weil-for-origins-tm-mega-mushroom-relief-resilience-soothing-treatment-lotion-P429244?icid2=products%20grid:p429244,Dr. Andrew Weil For Origins™ Mega-Mushroom Relief & Resilience Soothing Treatment Lotion
486,https://www.sephora.com/product/capture-youth-serum-P428255?icid2=products%20grid:p428255,Capture Youth Serum Collection
487,https://www.sephora.com/product/ultra-glow-serum-glow-strengthen-vitamin-c-serum-P442594?icid2=products%20grid:p442594,Ultra Glow Serum: Glow + Strengthen Vitamin C Serum
488,https://www.sephora.com/product/blue-tansy-aha-bha-resurfacing-clarity-mask-P400207?icid2=products%20grid:p400207,Blue Tansy Fruit Enzyme Resurfacing Clarity Mask
489,https://www.sephora.com/product/glow-cycle-retin-alt-power-serum-P434545?icid2=products%20grid:p434545,Glow Cycle Retin-ALT Power Serum
490,https://www.sephora.com/product/100-plant-derived-squalane-P442830?icid2=products%20grid:p442830,100% Plant-Derived Squalane
491,https://www.sephora.com/product/mario-badescu-drying-lotion-P440498?icid2=products%20grid:p440498,Drying Lotion
492,https://www.sephora.com/product/visionnaire-advanced-skin-corrector-serum-P393077?icid2=products%20grid:p393077,Visionnaire Advanced Skin Corrector Serum
493,https://www.sephora.com/product/the-ordinary-deciem-vitamin-c-suspension-23-ha-spheres-2-P427410?icid2=products%20grid:p427410,Vitamin C Suspension 23% + HA Spheres 2%
494,https://www.sephora.com/product/powerful-strength-line-reducing-concentrate-12-5-vitamin-c-P427529?icid2=products%20grid:p427529,Powerful-Strength Line-Reducing Concentrate 12.5% Vitamin C
495,https://www.sephora.com/product/squalane-phyto-retinol-serum-P429028?icid2=products%20grid:p429028,Squalane + Phyto-Retinol Serum
496,https://www.sephora.com/product/bakuchiol-retinol-alternative-soothing-serum-P446643?icid2=products%20grid:p446643,Bakuchiol Retinol Alternative Smoothing Serum
497,https://www.sephora.com/product/u-f-o-ultra-clarifying-face-oil-P410400?icid2=products%20grid:p410400,U.F.O. Ultra-Clarifying Face Oil
498,https://www.sephora.com/product/mandelic-acid-10-ha-P442758?icid2=products%20grid:p442758,Mandelic Acid 10% + HA
499,https://www.sephora.com/product/vinosource-s-o-s-thirst-quenching-serum-P374211?icid2=products%20grid:p374211,Vinosource SOS Deep Hydration Serum
500,https://www.sephora.com/product/pineapple-c-brightening-serum-P442869?icid2=products%20grid:p442869,Pineapple-C Brightening Serum
501,https://www.sephora.com/product/rapid-age-spot-pigment-lightening-serum-P4009?icid2=products%20grid:p4009,Rapid Age Spot and Pigment Lightening Serum
502,https://www.sephora.com/product/vinopure-natural-salicylic-acid-pore-minimizing-serum-P433626?icid2=products%20grid:p433626,Vinopure Natural Salicylic Acid Pore Minimizing Serum
503,https://www.sephora.com/product/genius-liquid-collagen-P421277?icid2=products%20grid:p421277,GENIUS Liquid Collagen
504,https://www.sephora.com/product/skintune-blur-perfecting-primer-serum-P436269?icid2=products%20grid:p436269,Skintune Blur Perfecting Primer Serum
505,https://www.sephora.com/product/vitamin-nectar-glow-juice-antioxidant-face-serum-P450210?icid2=products%20grid:p450210,Vitamin Nectar Glow Juice Antioxidant Face Serum
506,https://www.sephora.com/product/firmx-peeling-gel-P377561?icid2=products%20grid:p377561,FIRMx™ Peeling Gel
507,https://www.sephora.com/product/dr-barbara-sturm-hyaluronic-serum-P447212?icid2=products%20grid:p447212,Hyaluronic Serum
508,https://www.sephora.com/product/luxury-beauty-serum-P444222?icid2=products%20grid:p444222,Luxury CBD Beauty Serum
509,https://www.sephora.com/product/josie-maran-argan-beta-retinoid-pink-algae-serum-P454084?icid2=products%20grid:p454084,Argan Beta-Retinoid Pink Algae Serum
510,https://www.sephora.com/product/eradikate-acne-treatment-P232903?icid2=products%20grid:p232903,EradiKate™ Acne Treatment
511,https://www.sephora.com/product/retinol-youth-renewal-serum-P411365?icid2=products%20grid:p411365,Retinol Youth Renewal Serum
512,https://www.sephora.com/product/gravitymud-firming-treatment-P403486?skuId=1923523&icid2=products%20grid:p403486,GRAVITYMUD™ Firming Treatment Mask
513,https://www.sephora.com/product/royal-oil-100-mg-cbd-P445464?icid2=products%20grid:p445464,Royal Oil 1000mg Pure CBD Oil
514,https://www.sephora.com/product/backlight-priming-filter-P399831?icid2=products%20grid:p399831,Backlight Priming Filter Face Primer
515,https://www.sephora.com/product/noni-bright-vitamin-c-serum-P446419?icid2=products%20grid:p446419,Noni Bright Vitamin C Serum
516,https://www.sephora.com/product/max-complexion-correction-pads-P114902?icid2=products%20grid:p114902,Max Complexion Correction Pads
517,https://www.sephora.com/product/peace-out-pores-P428250?icid2=products%20grid:p428250,Pore Treatment Strips
518,https://www.sephora.com/product/advanced-active-radiance-serum-P234920?icid2=products%20grid:p234920,Advanced Active Radiance® Serum
519,https://www.sephora.com/product/tiger-grass-re-pair-serum-P423259?icid2=products%20grid:p423259,Cicapair™ Tiger Grass Serum
520,https://www.sephora.com/product/the-ordinary-deciem-matrixyl-10-ha-P427405?icid2=products%20grid:p427405,Matrixyl* 10% + HA
521,https://www.sephora.com/product/retinol-serum-P443842?icid2=products%20grid:p443842,Retinol Anti-Aging Serum
522,https://www.sephora.com/product/rose-gold-elixir-P417139?icid2=products%20grid:p417139,Rose Gold Elixir – 24k Gold Infused Beauty Oil
523,https://www.sephora.com/product/dr-brandt-skincare-dark-spots-no-more-triple-acid-spot-minimizing-concentrate-P453822?icid2=products%20grid:p453822,Dark Spots No More® Triple Acid Spot Minimizing Concentrate
524,https://www.sephora.com/product/acne-solutions-clinical-clearing-gel-P385432?skuId=1592831&icid2=products%20grid:p385432,Acne Solutions™ Clinical Clearing Gel
525,https://www.sephora.com/product/umbrian-clay-purifying-mask-P54104?icid2=products%20grid:p54104,Umbrian Clay Pore Purifying Face Mask
526,https://www.sephora.com/product/ascorbic-acid-8-alpha-arbutin-2-P442754?icid2=products%20grid:p442754,Ascorbic Acid 8% + Alpha Arbutin 2%
527,https://www.sephora.com/product/juno-hydroactive-cellular-face-oil-P309306?icid2=products%20grid:p309306,Juno Antioxidant + Superfood Face Oil
528,https://www.sephora.com/product/ferulic-acid-retinol-brightening-solution-P375269?icid2=products%20grid:p375269,Ferulic Acid + Retinol Brightening Solution
529,https://www.sephora.com/product/avocado-melt-retinol-sleeping-mask-P449160?icid2=products%20grid:p449160,Avocado Melt Retinol Sleeping Face Mask
530,https://www.sephora.com/product/genoptics-aura-essence-P410756?icid2=products%20grid:p410756,GenOptics Aura Essence Serum
531,https://www.sephora.com/product/super-spot-remover-acne-treatment-gel-P297517?icid2=products%20grid:p297517,Super Spot Remover™ Acne Treatment Gel
532,https://www.sephora.com/product/liquid-glass-radiance-make-skin-serum-P443766?icid2=products%20grid:p443766,Liquid Glass Radiance Serum
533,https://www.sephora.com/product/potent-c-power-serum-P428100?icid2=products%20grid:p428100,Potent-C™ Vitamin C Power Serum
534,https://www.sephora.com/product/dr-barbara-sturm-glow-drops-P447782?icid2=products%20grid:p447782,Glow Drops
535,https://www.sephora.com/product/ultra-repair-hydrating-serum-P403739?icid2=products%20grid:p403739,Ultra Repair® Hydrating Serum
536,https://www.sephora.com/product/kora-organics-noni-night-aha-resurfacing-serum-P455241?icid2=products%20grid:p455241,Noni Night AHA Resurfacing Serum
537,https://www.sephora.com/product/first-care-activating-serum-P448915?icid2=products%20grid:p448915,First Care Activating Serum
538,https://www.sephora.com/product/pro-strength-retinoid-peptide-serum-P448717?icid2=products%20grid:p448717,PRO Strength Retinoid Peptide Serum
539,https://www.sephora.com/product/luminous-deep-hydration-firming-serum-P399624?icid2=products%20grid:p399624,Luminous Deep Hydration Firming Serum
540,https://www.sephora.com/product/dr-dennis-gross-skincare-stress-rescue-super-serum-with-niacinamide-P453104?icid2=products%20grid:p453104,Stress Rescue Super Serum with Niacinamide
541,https://www.sephora.com/product/acne-solutions-clinical-clearing-kit-P387942?icid2=products%20grid:p387942,Acne Solutions Clinical Clearing Kit
542,https://www.sephora.com/product/kale-tri-peptide-37-vitamin-c-age-prevention-serum-P411389?icid2=products%20grid:p411389,Superfood Firm and Brighten Vitamin C Serum
543,https://www.sephora.com/product/rapid-relief-acne-spot-treatment-P421432?icid2=products%20grid:p421432,Rapid Relief Acne Spot Treatment
544,https://www.sephora.com/product/invisiblur-perfecting-shield-broad-spectrum-spf-30-pa-P394397?icid2=products%20grid:p394397,Invisiblur™ Perfecting Shield Broad Spectrum SPF 30 PA+++
545,https://www.sephora.com/product/espada-acne-clearing-blue-light-pen-P419633?icid2=products%20grid:p419633,ESPADA Blue Light Acne Treatment
546,https://www.sephora.com/product/daily-cleanse-supplements-P386754?icid2=products%20grid:p386754,Daily Cleanse Clear Skin and Body Detox Supplement
547,https://www.sephora.com/product/limited-edition-facial-radiance-pads-P447502?icid2=products%20grid:p447502,Limited Edition Facial Radiance Pads
548,https://www.sephora.com/product/retinol-fusion-pm-P251529?icid2=products%20grid:p251529,Retinol Fusion PM
549,https://www.sephora.com/product/anti-bac-clearing-lotion-P232907?icid2=products%20grid:p232907,Anti Bac Clearing Lotion
550,https://www.sephora.com/product/pure-argan-milk-tm-intensive-hydrating-treatment-P384780?icid2=products%20grid:p384780,Pure Argan Milk™ Intensive Hydrating Treatment
551,https://www.sephora.com/product/therapeutic-sulfur-masque-acne-treatment-masque-P3617?icid2=products%20grid:p3617,Therapeutic Sulfur Mask Acne Treatment Mask
552,https://www.sephora.com/product/the-ordinary-deciem-vitamin-c-suspension-30-in-silicone-P427409?icid2=products%20grid:p427409,Vitamin C Suspension 30% in Silicone
553,https://www.sephora.com/product/advanced-retinol-treatment-P433970?icid2=products%20grid:p433970,Advanced Retinol Treatment
554,https://www.sephora.com/product/water-drench-hyaluronic-cloud-serum-P222818?icid2=products%20grid:p222818,Water Drench Hyaluronic Cloud Serum
555,https://www.sephora.com/product/ascorbyl-glucoside-solution-12-P442756?icid2=products%20grid:p442756,Ascorbyl Glucoside Solution 12%
556,https://www.sephora.com/product/clinical-concentrate-hydration-booster-P385773?icid2=products%20grid:p385773,Hyaluronic Marine Hydration Booster
557,https://www.sephora.com/product/clinique-smart-custom-repair-serum-P387616?icid2=products%20grid:p387616,Clinique Smart™ Custom-Repair Serum
558,https://www.sephora.com/product/glow-away-peel-pads-P442535?icid2=products%20grid:p442535,Glow Peel Pads
559,https://www.sephora.com/product/collagen-serum-P443846?icid2=products%20grid:p443846,Collagen Booster Firming Peptide Serum
560,https://www.sephora.com/product/ever-matte-poreless-priming-perfector-P378017?icid2=products%20grid:p378017,Ever-Matte Poreless Priming Perfector
561,https://www.sephora.com/product/perfect-canvas-skin-finishing-serum-P423666?icid2=products%20grid:p423666,Perfect Canvas Clean Primer
562,https://www.sephora.com/product/the-ordinary-deciem-ascorbyl-tetraisopalmitate-solution-20-in-vitamin-f-P427404?icid2=products%20grid:p427404,Ascorbyl Tetraisopalmitate Solution 20% in Vitamin F
563,https://www.sephora.com/product/argan-bright-skin-vitamin-c-serum-P446641?icid2=products%20grid:p446641,Argan Bright Skin Vitamin C Serum
564,https://www.sephora.com/product/snow-mushroom-water-serum-P431746?icid2=products%20grid:p431746,Snow Mushroom Water Serum
565,https://www.sephora.com/product/ferulic-retinol-wrinkle-recovery-peel-P404233?icid2=products%20grid:p404233,Ferulic + Retinol Wrinkle Recovery Peel
566,https://www.sephora.com/product/resurfacing-serum-P432048?icid2=products%20grid:p432048,Resurfacing AHA + BHA Serum
567,https://www.sephora.com/product/bye-bye-breakout-full-coverage-treatment-concealer-P427736?icid2=products%20grid:p427736,Bye Bye Breakout™ Full-Coverage Concealer
568,https://www.sephora.com/product/argireline-solution-10-P442753?icid2=products%20grid:p442753,Argireline Solution 10%
569,https://www.sephora.com/product/vitamin-c-arbutin-brightening-serum-P439430?icid2=products%20grid:p439430,Vitamin C+ Arbutin Brightening Serum
570,https://www.sephora.com/product/the-revitalizing-hydrating-serum-P416725?icid2=products%20grid:p416725,The Revitalizing Hydrating Serum
571,https://www.sephora.com/product/clarifying-body-spray-P34402?icid2=products%20grid:p34402,Clarifying Body Spray
572,https://www.sephora.com/product/no-3-exotic-goddess-ageless-serum-P428642?icid2=products%20grid:p428642,No. 3 Exotic Goddess Ageless Serum
573,https://www.sephora.com/product/cicapair-tiger-grass-camo-drops-P429250?icid2=products%20grid:p429250,Cicapair™ Tiger Grass Camo Drops SPF 44
574,https://www.sephora.com/product/barrier-lipid-boost-jelly-P442837?icid2=products%20grid:p442837,Barrier+ Triple Lipid-Hyaluronate Serum
575,https://www.sephora.com/product/caviar-lime-acid-peel-P421741?icid2=products%20grid:p421741,Caviar Lime Acid Peel
576,https://www.sephora.com/product/c-collagen-brighten-firm-vitamin-c-serum-P415209?icid2=products%20grid:p415209,C+ Collagen Brighten & Firm Vitamin C Serum
577,https://www.sephora.com/product/cold-plasma-face-P426830?icid2=products%20grid:p426830,Cold Plasma+ Advanced Serum Concentrate
578,https://www.sephora.com/product/amino-acids-b5-P442759?icid2=products%20grid:p442759,Amino Acids + B5
579,https://www.sephora.com/product/beta-hydroxy-acid-P442871?icid2=products%20grid:p442871,Beta Hydroxy Acid (BHA) Blemish + Blackhead Serum
580,https://www.sephora.com/product/beauty-shroom-exfoliating-acid-potion-P435800?icid2=products%20grid:p435800,Acid Potion
581,https://www.sephora.com/product/niacinamide-P446942?icid2=products%20grid:p446942,Niacinamide Oil Control Serum
582,https://www.sephora.com/product/tranexamic-acid-night-treatment-P450614?icid2=products%20grid:p450614,Tranexamic Acid Hyperpigmentation Treatment
583,https://www.sephora.com/product/prism-12-serum-P450583?icid2=products%20grid:p450583,Prism 12% AHA + 3% BHA Exfoliating Glow Serum
584,https://www.sephora.com/product/alpha-beta-pore-perfecting-refining-serum-P447592?icid2=products%20grid:p447592,Alpha Beta® Pore Perfecting & Refining Serum
585,https://www.sephora.com/product/alpyn-beauty-plantgenius-brightening-survival-serum-P455612?icid2=products%20grid:p455612,PlantGenius® Brightening Survival Serum
586,https://www.sephora.com/product/very-cherry-bright-15-clean-vitamin-c-serum-with-acerola-cherry-P449400?icid2=products%20grid:p449400,Very Cherry Bright 15% Clean Vitamin C Serum with Acerola Cherry
587,https://www.sephora.com/product/clinical-grade-resurfacing-liquid-peel-P442005?icid2=products%20grid:p442005,Clinical Grade Resurfacing Liquid Peel
588,https://www.sephora.com/product/peptide-21-amino-acid-exfoliating-peel-pads-P442742?icid2=products%20grid:p442742,Peptide 21™ Amino Acid Exfoliating Peel Pads
589,https://www.sephora.com/product/youth-or-dare-multi-acid-c-serum-P442989?icid2=products%20grid:p442989,Youth or Dare Multi-Acid & C-Serum
590,https://www.sephora.com/product/liquid-exfolikate-triple-acid-resurfacing-treatment-P439927?icid2=products%20grid:p439927,Liquid ExfoliKate® Triple Acid Resurfacing Treatment
591,https://www.sephora.com/product/acne-body-wash-P47517?icid2=products%20grid:p47517,Acne Body Wash
592,https://www.sephora.com/product/retinoic-nutrient-face-oil-P379704?skuId=2002731&icid2=products%20grid:p379704,Retinoic Nutrient Face Oil With Vitamin A
593,https://www.sephora.com/product/glycolic-peel-P395618?icid2=products%20grid:p395618,Glycolic Peel
594,https://www.sephora.com/product/vine-activ-glow-activating-anti-wrinkle-serum-P417119?icid2=products%20grid:p417119,VineActiv Vitamin C Anti-Wrinkle Serum
595,https://www.sephora.com/product/q10-serum-P443843?icid2=products%20grid:p443843,Q10 Antioxidant Serum
596,https://www.sephora.com/product/sea-deep-sea-collagen-super-serum-P440814?icid2=products%20grid:p440814,SEA Deep Sea Collagen Super Serum
597,https://www.sephora.com/product/rose-deep-hydration-face-serum-P407087?icid2=products%20grid:p407087,Rose Deep Hydration Face Serum
598,https://www.sephora.com/product/aha-bha-acne-clearing-gel-P3550?icid2=products%20grid:p3550,AHA/BHA Acne Clearing Gel
599,https://www.sephora.com/product/pure-skin-clarifying-dietary-supplement-P7365?icid2=products%20grid:p7365,Pure Skin® Clarifying Dietary Supplement
600,https://www.sephora.com/product/evercalm-anti-redness-serum-P399736?icid2=products%20grid:p399736,Evercalm™ Anti-Redness Serum
601,https://www.sephora.com/product/fresh-pressed-daily-booster-with-pure-vitamin-c-10-P416824?icid2=products%20grid:p416824,Fresh Pressed Daily Booster with Pure Vitamin C 10%
602,https://www.sephora.com/product/blackhead-solutions-self-heating-blackhead-extractor-P432243?icid2=products%20grid:p432243,Blackhead Solutions Self-heating Blackhead Extractor
603,https://www.sephora.com/product/get-even-cold-pressed-peel-pads-P433973?icid2=products%20grid:p433973,Get Even Cold-Pressed Peel Pads
604,https://www.sephora.com/product/power-advanced-wrinkle-fighter-360-eye-serum-P404169?icid2=products%20grid:p404169,POWER Advanced Wrinkle Fighter 360° Eye Serum
605,https://www.sephora.com/product/black-tea-age-delay-firming-serum-P403748?icid2=products%20grid:p403748,Black Tea Age-Delay Firming Serum
606,https://www.sephora.com/product/focuspot-blemish-micro-tip-patch-P442853?icid2=products%20grid:p442853,Focuspot™ Blemish Micro Tip™ Patch
607,https://www.sephora.com/product/resveratrol-lift-firming-serum-P400608?icid2=products%20grid:p400608,Resveratrol Lift Firming Serum
608,https://www.sephora.com/product/dior-capture-totale-cell-energy-super-potent-age-defying-intense-serum-P454805?icid2=products%20grid:p454805,Capture Totale C.E.L.L. ENERGY - Super Potent Age-Defying Intense Serum
609,https://www.sephora.com/product/no-foundation-foundation-serum-spf-30-P386465?icid2=products%20grid:p386465,No Makeup Foundation Serum Broad Spectrum SPF 20
610,https://www.sephora.com/product/outsmart-acne-clarifying-treatment-P433143?icid2=products%20grid:p433143,Outsmart Acne Clarifying Treatment
611,https://www.sephora.com/product/advanced-dark-spot-correcting-serum-P440067?icid2=products%20grid:p440067,Advanced Dark Spot Correcting Serum
612,https://www.sephora.com/product/needles-no-more-P391802?icid2=products%20grid:p391802,Needles No More™ Wrinkle Smoothing Cream
613,https://www.sephora.com/product/radiance-serum-with-energy-peptides-P437239?icid2=products%20grid:p437239,Peptidin™ Radiance Serum with Energy Peptides
614,https://www.sephora.com/product/breakout-fighters-P436363?icid2=products%20grid:p436363,Breakout Fighters
615,https://www.sephora.com/product/bye-bye-lines-serum-advanced-anti-aging-wrinkle-smoothing-miracle-concentrate-P411398?icid2=products%20grid:p411398,Bye Bye Lines Anti-Aging Serum
616,https://www.sephora.com/product/protein-booster-skin-serum-P236605?icid2=products%20grid:p236605,Protein Booster Skin Serum
617,https://www.sephora.com/product/sos-save-our-skin-daily-rescue-facial-spray-P448852?icid2=products%20grid:p448852,SOS Save.Our.Skin Daily Rescue Facial Spray
618,https://www.sephora.com/product/saturn-sulfur-acne-treatment-mask-P422626?icid2=products%20grid:p422626,Saturn Sulfur Acne Treatment Mask
619,https://www.sephora.com/product/umbrian-clay-purifying-mask-mini-P426822?icid2=products%20grid:p426822,Umbrian Clay Pore Purifying Face Mask Mini
620,https://www.sephora.com/product/midnight-secret-late-night-recovery-treatment-P408678?icid2=products%20grid:p408678,Midnight Secret Late Night Recovery Treatment
621,https://www.sephora.com/product/post-acne-spot-lightening-gel-P188907?icid2=products%20grid:p188907,Post-Acne Spot Lightening Gel
622,https://www.sephora.com/product/visionnaire-skin-solutions-pure-0-2-retinol-correcting-night-concentrate-P440304?icid2=products%20grid:p440304,Visionnaire Skin Solutions Pure 0.2% Retinol Correcting Night Concentrate
623,https://www.sephora.com/product/proactiv-solution-3-step-acne-treatment-system-90-day-size-P440652?icid2=products%20grid:p440652,"Proactiv Solution 3-Step Acne Treatment System, 90 Day Size"
624,https://www.sephora.com/product/anti-aging-armour-super-smart-skin-perfecting-beauty-fluid-spf-50-P411887?icid2=products%20grid:p411887,Anti-Aging Armour Tinted Sunscreen SPF 50+
625,https://www.sephora.com/product/hydro-plumping-re-texturizing-serum-concentrate-P422016?icid2=products%20grid:p422016,Hydro-Plumping Re-Texturizing Serum Concentrate
626,https://www.sephora.com/product/supercharge-anti-oxidant-moisture-serum-P433974?icid2=products%20grid:p433974,Supercharge Anti-Oxidant Moisture Serum
627,https://www.sephora.com/product/peptide-21-wrinkle-resist-serum-P442741?icid2=products%20grid:p442741,Peptide 21™ Wrinkle Resist Serum
628,https://www.sephora.com/product/the-microdelivery-resurfacing-peel-P72504?icid2=products%20grid:p72504,The Microdelivery Resurfacing Peel
629,https://www.sephora.com/product/ferulic-retinol-wrinkle-recovery-overnight-serum-P404486?icid2=products%20grid:p404486,Ferulic + Retinol Wrinkle Recovery Overnight Serum
630,https://www.sephora.com/product/strawberry-c-serum-P442011?icid2=products%20grid:p442011,Strawberry-C Brightening Serum
631,https://www.sephora.com/product/clinique-id-your-custom-blend-hydrator-for-pores-uneven-texture-P439648?icid2=products%20grid:p439648,Clinique iD™: Moisturizer + Concentrate for Pores & Uneven Texture
