,0
0,https://www.sephora.com/product/aha-30-bha-2-peeling-solution-P442563?icid2=products%20grid:p442563
1,https://www.sephora.com/product/c-firma-day-serum-P400259?icid2=products%20grid:p400259
2,https://www.sephora.com/product/the-ordinary-deciem-niacinamide-10-zinc-1-P427417?icid2=products%20grid:p427417
3,https://www.sephora.com/product/the-ordinary-deciem-hyaluronic-acid-2-b5-P427419?icid2=products%20grid:p427419
4,https://www.sephora.com/product/t-l-c-framboos-tm-glycolic-night-serum-P392246?icid2=products%20grid:p392246
5,https://www.sephora.com/product/truth-serum-P42343?skuId=1910470&icid2=products%20grid:p42343
6,https://www.sephora.com/product/alpha-beta-peel-extra-strength-daily-peel-P269122?icid2=products%20grid:p269122
7,https://www.sephora.com/product/a-passioni-retinol-cream-P439926?icid2=products%20grid:p439926
8,https://www.sephora.com/product/good-genes-all-in-one-lactic-acid-treatment-P309308?icid2=products%20grid:p309308
9,https://www.sephora.com/product/the-ordinary-deciem-buffet-P427420?icid2=products%20grid:p427420
10,https://www.sephora.com/product/t-l-c-sukari-babyfacial-P415777?icid2=products%20grid:p415777
11,https://www.sephora.com/product/acne-healing-dots-P421275?icid2=products%20grid:p421275
12,https://www.sephora.com/product/b-hydra-intensive-hydration-gel-P406712?icid2=products%20grid:p406712
13,https://www.sephora.com/product/cc-me-vitamin-c-serum-P449180?icid2=products%20grid:p449180
14,https://www.sephora.com/product/facial-treatment-essence-P375849?icid2=products%20grid:p375849
15,https://www.sephora.com/product/power-peel-transforming-facial-system-P375421?icid2=products%20grid:p375421
16,https://www.sephora.com/product/the-ordinary-deciem-the-no-brainer-set-P428088?icid2=products%20grid:p428088
17,https://www.sephora.com/product/peace-out-microneedling-anti-wrinkle-retinol-patches-P453819?icid2=products%20grid:p453819
18,https://www.sephora.com/product/advanced-night-repair-synchronized-recovery-complex-ii-P379994?icid2=products%20grid:p379994
19,https://www.sephora.com/product/violet-c-brightening-serum-vitamin-c-aha-P439058?icid2=products%20grid:p439058
20,https://www.sephora.com/product/alpha-beta-universal-daily-peel-P377533?icid2=products%20grid:p377533
21,https://www.sephora.com/product/the-treatment-lotion-P416345?icid2=products%20grid:p416345
22,https://www.sephora.com/product/the-concentrate-P417108?icid2=products%20grid:p417108
23,https://www.sephora.com/product/biossance-squalane-10-lactic-acid-resurfacing-night-serum-P453224?icid2=products%20grid:p453224
24,https://www.sephora.com/product/super-mud-clearing-treatment-P376409?icid2=products%20grid:p376409
25,https://www.sephora.com/product/the-ordinary-deciem-caffeine-solution-5-egcg-P427416?icid2=products%20grid:p427416
26,https://www.sephora.com/product/buffet-copper-peptides-1-P442752?icid2=products%20grid:p442752
27,https://www.sephora.com/product/luna-sleeping-night-oil-P393718?icid2=products%20grid:p393718
28,https://www.sephora.com/product/rise-and-glow-P414671?icid2=products%20grid:p414671
29,https://www.sephora.com/product/clearly-corrective-dark-spot-solution-P422022?icid2=products%20grid:p422022
30,https://www.sephora.com/product/d-bronzi-tm-anti-pollution-sunshine-serum-P432668?icid2=products%20grid:p432668
31,https://www.sephora.com/product/the-ordinary-deciem-natural-moisturizing-factors-ha-P427414?icid2=products%20grid:p427414
32,https://www.sephora.com/product/advanced-genifique-youth-activating-serum-P379510?icid2=products%20grid:p379510
33,https://www.sephora.com/product/midnight-recovery-concentrate-P421998?icid2=products%20grid:p421998
34,https://www.sephora.com/product/the-ordinary-deciem-lactic-acid-10-ha-2-P427413?icid2=products%20grid:p427413
35,https://www.sephora.com/product/facial-radiance-pads-P278317?icid2=products%20grid:p278317
36,https://www.sephora.com/product/tatcha-the-serum-stick-treatment-touch-up-balm-P454018?icid2=products%20grid:p454018
37,https://www.sephora.com/product/c-e-o-rapid-flash-brightening-serum-P418346?icid2=products%20grid:p418346
38,https://www.sephora.com/product/nightbright-P414672?icid2=products%20grid:p414672
39,https://www.sephora.com/product/vinoperfect-radiance-serum-P94421?icid2=products%20grid:p94421
40,https://www.sephora.com/product/the-ordinary-deciem-azelaic-acid-suspension-10-P427411?icid2=products%20grid:p427411
41,https://www.sephora.com/product/exfolikate-intensive-exfoliating-treatment-P232915?icid2=products%20grid:p232915
42,https://www.sephora.com/product/double-serum-complete-age-control-concentrate-P421235?icid2=products%20grid:p421235
43,https://www.sephora.com/product/the-ordinary-deciem-alpha-arbutin-2-ha-P427412?icid2=products%20grid:p427412
44,https://www.sephora.com/product/a-high-dose-retinoid-serum-P440075?icid2=products%20grid:p440075
45,https://www.sephora.com/product/dark-spots-P442536?icid2=products%20grid:p442536
46,https://www.sephora.com/product/ultimune-power-infusing-concentrate-P432834?icid2=products%20grid:p432834
47,https://www.sephora.com/product/squalane-vitamin-c-rose-oil-P416563?icid2=products%20grid:p416563
48,https://www.sephora.com/product/peter-thomas-roth-pro-strength-niacinamide-discoloration-treatment-P454102?icid2=products%20grid:p454102
49,https://www.sephora.com/product/herbivore-botanicals-prism-20-aha-5-bha-exfoliating-glow-facial-P454100?icid2=products%20grid:p454100
50,https://www.sephora.com/product/farsali-liquid-powder-oil-balancing-serum-P454980?icid2=products%20grid:p454980
51,https://www.sephora.com/product/the-regenerating-serum-P450290?icid2=products%20grid:p450290
52,https://www.sephora.com/product/dr-andrew-weil-for-origins-tm-mega-mushroom-relief-resilience-soothing-treatment-lotion-P429244?icid2=products%20grid:p429244
53,https://www.sephora.com/product/capture-youth-serum-P428255?icid2=products%20grid:p428255
54,https://www.sephora.com/product/ultra-glow-serum-glow-strengthen-vitamin-c-serum-P442594?icid2=products%20grid:p442594
55,https://www.sephora.com/product/emerald-cbd-adaptogens-deep-moisture-glow-oil-P442564?icid2=products%20grid:p442564
56,https://www.sephora.com/product/blue-tansy-aha-bha-resurfacing-clarity-mask-P400207?icid2=products%20grid:p400207
57,https://www.sephora.com/product/glow-cycle-retin-alt-power-serum-P434545?icid2=products%20grid:p434545
58,https://www.sephora.com/product/100-plant-derived-squalane-P442830?icid2=products%20grid:p442830
59,https://www.sephora.com/product/mario-badescu-drying-lotion-P440498?icid2=products%20grid:p440498
60,https://www.sephora.com/product/sulwhasoo-first-care-activating-serum-lunar-new-year-limited-edition-P454773?icid2=products%20grid:p454773
61,https://www.sephora.com/product/visionnaire-advanced-skin-corrector-serum-P393077?icid2=products%20grid:p393077
62,https://www.sephora.com/product/the-ordinary-deciem-vitamin-c-suspension-23-ha-spheres-2-P427410?icid2=products%20grid:p427410
63,https://www.sephora.com/product/powerful-strength-line-reducing-concentrate-12-5-vitamin-c-P427529?icid2=products%20grid:p427529
64,https://www.sephora.com/product/squalane-phyto-retinol-serum-P429028?icid2=products%20grid:p429028
65,https://www.sephora.com/product/bakuchiol-retinol-alternative-soothing-serum-P446643?icid2=products%20grid:p446643
66,https://www.sephora.com/product/u-f-o-ultra-clarifying-face-oil-P410400?icid2=products%20grid:p410400
67,https://www.sephora.com/product/advanced-genifique-youth-activating-serum-duo-P451738?icid2=products%20grid:p451738
68,https://www.sephora.com/product/mandelic-acid-10-ha-P442758?icid2=products%20grid:p442758
69,https://www.sephora.com/product/vinosource-s-o-s-thirst-quenching-serum-P374211?icid2=products%20grid:p374211
70,https://www.sephora.com/product/pineapple-c-brightening-serum-P442869?icid2=products%20grid:p442869
71,https://www.sephora.com/product/rapid-age-spot-pigment-lightening-serum-P4009?icid2=products%20grid:p4009
72,https://www.sephora.com/product/vinopure-natural-salicylic-acid-pore-minimizing-serum-P433626?icid2=products%20grid:p433626
73,https://www.sephora.com/product/genius-liquid-collagen-P421277?icid2=products%20grid:p421277
74,https://www.sephora.com/product/skintune-blur-perfecting-primer-serum-P436269?icid2=products%20grid:p436269
75,https://www.sephora.com/product/vitamin-nectar-glow-juice-antioxidant-face-serum-P450210?icid2=products%20grid:p450210
76,https://www.sephora.com/product/firmx-peeling-gel-P377561?icid2=products%20grid:p377561
77,https://www.sephora.com/product/the-ordinary-100-l-ascorbic-acid-powder-P455338?icid2=products%20grid:p455338
78,https://www.sephora.com/product/dr-barbara-sturm-hyaluronic-serum-P447212?icid2=products%20grid:p447212
79,https://www.sephora.com/product/luxury-beauty-serum-P444222?icid2=products%20grid:p444222
80,https://www.sephora.com/product/unicorn-essence-P417141?icid2=products%20grid:p417141
81,https://www.sephora.com/product/josie-maran-argan-beta-retinoid-pink-algae-serum-P454084?icid2=products%20grid:p454084
82,https://www.sephora.com/product/eradikate-acne-treatment-P232903?icid2=products%20grid:p232903
83,https://www.sephora.com/product/retinol-youth-renewal-serum-P411365?icid2=products%20grid:p411365
84,https://www.sephora.com/product/gravitymud-firming-treatment-P403486?skuId=1923523&icid2=products%20grid:p403486
85,https://www.sephora.com/product/royal-oil-100-mg-cbd-P445464?icid2=products%20grid:p445464
86,https://www.sephora.com/product/backlight-priming-filter-P399831?icid2=products%20grid:p399831
87,https://www.sephora.com/product/noni-bright-vitamin-c-serum-P446419?icid2=products%20grid:p446419
88,https://www.sephora.com/product/murad-invisiscar-kit-P454934?icid2=products%20grid:p454934
89,https://www.sephora.com/product/max-complexion-correction-pads-P114902?icid2=products%20grid:p114902
90,https://www.sephora.com/product/peace-out-pores-P428250?icid2=products%20grid:p428250
91,https://www.sephora.com/product/invisiscar-resurfacing-treatment-P446423?icid2=products%20grid:p446423
92,https://www.sephora.com/product/advanced-active-radiance-serum-P234920?icid2=products%20grid:p234920
93,https://www.sephora.com/product/tiger-grass-re-pair-serum-P423259?icid2=products%20grid:p423259
94,https://www.sephora.com/product/the-ordinary-deciem-matrixyl-10-ha-P427405?icid2=products%20grid:p427405
95,https://www.sephora.com/product/retinol-serum-P443842?icid2=products%20grid:p443842
96,https://www.sephora.com/product/rose-gold-elixir-P417139?icid2=products%20grid:p417139
97,https://www.sephora.com/product/dr-brandt-skincare-dark-spots-no-more-triple-acid-spot-minimizing-concentrate-P453822?icid2=products%20grid:p453822
98,https://www.sephora.com/product/eradikate-daily-cleanser-acne-treatment-P415667?icid2=products%20grid:p415667
99,https://www.sephora.com/product/treatment-enzyme-peel-P232931?icid2=products%20grid:p232931
100,https://www.sephora.com/product/acne-solutions-clinical-clearing-gel-P385432?skuId=1592831&icid2=products%20grid:p385432
101,https://www.sephora.com/product/umbrian-clay-purifying-mask-P54104?icid2=products%20grid:p54104
102,https://www.sephora.com/product/resveratrol-3-ferulic-acid-3-P442755?icid2=products%20grid:p442755
103,https://www.sephora.com/product/ascorbic-acid-8-alpha-arbutin-2-P442754?icid2=products%20grid:p442754
104,https://www.sephora.com/product/juno-hydroactive-cellular-face-oil-P309306?icid2=products%20grid:p309306
105,https://www.sephora.com/product/ferulic-acid-retinol-brightening-solution-P375269?icid2=products%20grid:p375269
106,https://www.sephora.com/product/alpha-beta-ultra-gentle-daily-peel-sensitive-skin-P398761?icid2=products%20grid:p398761
107,https://www.sephora.com/product/avocado-melt-retinol-sleeping-mask-P449160?icid2=products%20grid:p449160
108,https://www.sephora.com/product/clarifying-cleanser-P4016?icid2=products%20grid:p4016
109,https://www.sephora.com/product/genoptics-aura-essence-P410756?icid2=products%20grid:p410756
110,https://www.sephora.com/product/hyaluronic-acid-serum-P443845?icid2=products%20grid:p443845
111,https://www.sephora.com/product/super-spot-remover-acne-treatment-gel-P297517?icid2=products%20grid:p297517
112,https://www.sephora.com/product/liquid-glass-radiance-make-skin-serum-P443766?icid2=products%20grid:p443766
113,https://www.sephora.com/product/potent-c-power-serum-P428100?icid2=products%20grid:p428100
114,https://www.sephora.com/product/dr-barbara-sturm-glow-drops-P447782?icid2=products%20grid:p447782
115,https://www.sephora.com/product/ultra-repair-hydrating-serum-P403739?icid2=products%20grid:p403739
116,https://www.sephora.com/product/kora-organics-noni-night-aha-resurfacing-serum-P455241?icid2=products%20grid:p455241
117,https://www.sephora.com/product/first-care-activating-serum-P448915?icid2=products%20grid:p448915
118,https://www.sephora.com/product/pro-strength-retinoid-peptide-serum-P448717?icid2=products%20grid:p448717
119,https://www.sephora.com/product/rub-a-dub-refining-peel-gel-P423971?icid2=products%20grid:p423971
120,https://www.sephora.com/product/luminous-deep-hydration-firming-serum-P399624?icid2=products%20grid:p399624
121,https://www.sephora.com/product/dr-dennis-gross-skincare-stress-rescue-super-serum-with-niacinamide-P453104?icid2=products%20grid:p453104
122,https://www.sephora.com/product/dr-barbara-sturm-super-anti-aging-serum-P447787?icid2=products%20grid:p447787
123,https://www.sephora.com/product/origins-cleanse-hydrate-treat-blemishes-kit-P455668?icid2=products%20grid:p455668
124,https://www.sephora.com/product/ole-henriksen-invigorating-night-transformation-gel-P454397?icid2=products%20grid:p454397
125,https://www.sephora.com/product/acne-solutions-clinical-clearing-kit-P387942?icid2=products%20grid:p387942
126,https://www.sephora.com/product/kale-tri-peptide-37-vitamin-c-age-prevention-serum-P411389?icid2=products%20grid:p411389
127,https://www.sephora.com/product/focuspot-micro-tip-patches-P442857?icid2=products%20grid:p442857
128,https://www.sephora.com/product/rapid-relief-acne-spot-treatment-P421432?icid2=products%20grid:p421432
129,https://www.sephora.com/product/invisiblur-perfecting-shield-broad-spectrum-spf-30-pa-P394397?icid2=products%20grid:p394397
130,https://www.sephora.com/product/flashmud-tm-brightening-treatment-P397313?icid2=products%20grid:p397313
131,https://www.sephora.com/product/espada-acne-clearing-blue-light-pen-P419633?icid2=products%20grid:p419633
132,https://www.sephora.com/product/daily-cleanse-supplements-P386754?icid2=products%20grid:p386754
133,https://www.sephora.com/product/limited-edition-facial-radiance-pads-P447502?icid2=products%20grid:p447502
134,https://www.sephora.com/product/b-oil-P442757?icid2=products%20grid:p442757
135,https://www.sephora.com/product/the-treatment-lotion-mini-P428638?icid2=products%20grid:p428638
136,https://www.sephora.com/product/retinol-fusion-pm-P251529?icid2=products%20grid:p251529
137,https://www.sephora.com/product/anti-bac-clearing-lotion-P232907?icid2=products%20grid:p232907
138,https://www.sephora.com/product/skin-perfecting-lotion-blemish-prone-oily-skin-P4050?icid2=products%20grid:p4050
139,https://www.sephora.com/product/time-release-acne-cleanser-P254720?icid2=products%20grid:p254720
140,https://www.sephora.com/product/wrinkle-warrior-2-in-1-plumping-moisturizer-serum-P415202?icid2=products%20grid:p415202
141,https://www.sephora.com/product/pure-argan-milk-tm-intensive-hydrating-treatment-P384780?icid2=products%20grid:p384780
142,https://www.sephora.com/product/therapeutic-sulfur-masque-acne-treatment-masque-P3617?icid2=products%20grid:p3617
143,https://www.sephora.com/product/squalane-glycolic-renewal-facial-P433886?icid2=products%20grid:p433886
144,https://www.sephora.com/product/acne-solutions-cleansing-foam-P188309?icid2=products%20grid:p188309
145,https://www.sephora.com/product/the-ordinary-deciem-vitamin-c-suspension-30-in-silicone-P427409?icid2=products%20grid:p427409
146,https://www.sephora.com/product/advanced-retinol-treatment-P433970?icid2=products%20grid:p433970
147,https://www.sephora.com/product/water-drench-hyaluronic-cloud-serum-P222818?icid2=products%20grid:p222818
148,https://www.sephora.com/product/capture-youth-glow-booster-age-delay-illuminating-serum-P427731?icid2=products%20grid:p427731
149,https://www.sephora.com/product/ascorbyl-glucoside-solution-12-P442756?icid2=products%20grid:p442756
150,https://www.sephora.com/product/exfoliating-peel-gel-P393292?icid2=products%20grid:p393292
151,https://www.sephora.com/product/clinical-concentrate-hydration-booster-P385773?icid2=products%20grid:p385773
152,https://www.sephora.com/product/clinique-smart-custom-repair-serum-P387616?icid2=products%20grid:p387616
153,https://www.sephora.com/product/glow-away-peel-pads-P442535?icid2=products%20grid:p442535
154,https://www.sephora.com/product/collagen-serum-P443846?icid2=products%20grid:p443846
155,https://www.sephora.com/product/ever-matte-poreless-priming-perfector-P378017?icid2=products%20grid:p378017
156,https://www.sephora.com/product/clinique-even-better-clinical-radical-dark-spot-corrector-interrupter-P455622?icid2=products%20grid:p455622
157,https://www.sephora.com/product/perfect-canvas-skin-finishing-serum-P423666?icid2=products%20grid:p423666
158,https://www.sephora.com/product/the-ordinary-deciem-ascorbyl-tetraisopalmitate-solution-20-in-vitamin-f-P427404?icid2=products%20grid:p427404
159,https://www.sephora.com/product/daily-reviving-concentrate-P422003?icid2=products%20grid:p422003
160,https://www.sephora.com/product/acne-solutions-clarifying-lotion-P188307?icid2=products%20grid:p188307
161,https://www.sephora.com/product/dr-barbara-sturm-anti-pollution-drops-P447790?icid2=products%20grid:p447790
162,https://www.sephora.com/product/argan-bright-skin-vitamin-c-serum-P446641?icid2=products%20grid:p446641
163,https://www.sephora.com/product/vinopure-natural-salicylic-acid-pore-minimizing-toner-P433625?icid2=products%20grid:p433625
164,https://www.sephora.com/product/snow-mushroom-water-serum-P431746?icid2=products%20grid:p431746
165,https://www.sephora.com/product/ferulic-retinol-wrinkle-recovery-peel-P404233?icid2=products%20grid:p404233
166,https://www.sephora.com/product/resurfacing-serum-P432048?icid2=products%20grid:p432048
167,https://www.sephora.com/product/bye-bye-breakout-full-coverage-treatment-concealer-P427736?icid2=products%20grid:p427736
168,https://www.sephora.com/product/argireline-solution-10-P442753?icid2=products%20grid:p442753
169,https://www.sephora.com/product/vitamin-c-arbutin-brightening-serum-P439430?icid2=products%20grid:p439430
170,https://www.sephora.com/product/the-revitalizing-hydrating-serum-P416725?icid2=products%20grid:p416725
171,https://www.sephora.com/product/clarifying-body-spray-P34402?icid2=products%20grid:p34402
172,https://www.sephora.com/product/the-beauty-boost-r45-reversal-3-phase-retinol-booster-system-P444461?icid2=products%20grid:p444461
173,https://www.sephora.com/product/no-3-exotic-goddess-ageless-serum-P428642?icid2=products%20grid:p428642
174,https://www.sephora.com/product/cicapair-tiger-grass-camo-drops-P429250?icid2=products%20grid:p429250
175,https://www.sephora.com/product/barrier-lipid-boost-jelly-P442837?icid2=products%20grid:p442837
176,https://www.sephora.com/product/lilah-b-aglow-priming-oil-P454770?icid2=products%20grid:p454770
177,https://www.sephora.com/product/caviar-lime-acid-peel-P421741?icid2=products%20grid:p421741
178,https://www.sephora.com/product/the-ordinary-lactic-acid-5-ha-P455339?icid2=products%20grid:p455339
179,https://www.sephora.com/product/c-collagen-brighten-firm-vitamin-c-serum-P415209?icid2=products%20grid:p415209
180,https://www.sephora.com/product/umbrian-clay-mattifying-face-exfoliant-P379065?icid2=products%20grid:p379065
181,https://www.sephora.com/product/cold-plasma-face-P426830?icid2=products%20grid:p426830
182,https://www.sephora.com/product/amino-acids-b5-P442759?icid2=products%20grid:p442759
183,https://www.sephora.com/product/beta-hydroxy-acid-P442871?icid2=products%20grid:p442871
184,https://www.sephora.com/product/beauty-shroom-exfoliating-acid-potion-P435800?icid2=products%20grid:p435800
185,https://www.sephora.com/product/advanced-night-repair-intense-reset-concentrate-P446908?icid2=products%20grid:p446908
186,https://www.sephora.com/product/niacinamide-P446942?icid2=products%20grid:p446942
187,https://www.sephora.com/product/skintune-blur-perfecting-primer-serum-mini-P443767?icid2=products%20grid:p443767
188,https://www.sephora.com/product/tranexamic-acid-night-treatment-P450614?icid2=products%20grid:p450614
189,https://www.sephora.com/product/prism-12-serum-P450583?icid2=products%20grid:p450583
190,https://www.sephora.com/product/alpha-beta-pore-perfecting-refining-serum-P447592?icid2=products%20grid:p447592
191,https://www.sephora.com/product/hyaluronic-acid-champaca-hydrating-serum-P441053?icid2=products%20grid:p441053
192,https://www.sephora.com/product/alpyn-beauty-plantgenius-brightening-survival-serum-P455612?icid2=products%20grid:p455612
193,https://www.sephora.com/product/very-cherry-bright-15-clean-vitamin-c-serum-with-acerola-cherry-P449400?icid2=products%20grid:p449400
194,https://www.sephora.com/product/clinical-grade-resurfacing-liquid-peel-P442005?icid2=products%20grid:p442005
195,https://www.sephora.com/product/peptide-21-amino-acid-exfoliating-peel-pads-P442742?icid2=products%20grid:p442742
196,https://www.sephora.com/product/youth-or-dare-multi-acid-c-serum-P442989?icid2=products%20grid:p442989
197,https://www.sephora.com/product/liquid-exfolikate-triple-acid-resurfacing-treatment-P439927?icid2=products%20grid:p439927
198,https://www.sephora.com/product/acne-body-wash-P47517?icid2=products%20grid:p47517
199,https://www.sephora.com/product/retinoic-nutrient-face-oil-P379704?skuId=2002731&icid2=products%20grid:p379704
200,https://www.sephora.com/product/glycolic-peel-P395618?icid2=products%20grid:p395618
201,https://www.sephora.com/product/vine-activ-glow-activating-anti-wrinkle-serum-P417119?icid2=products%20grid:p417119
202,https://www.sephora.com/product/skin-love-glow-elixir-P434380?icid2=products%20grid:p434380
203,https://www.sephora.com/product/q10-serum-P443843?icid2=products%20grid:p443843
204,https://www.sephora.com/product/sea-deep-sea-collagen-super-serum-P440814?icid2=products%20grid:p440814
205,https://www.sephora.com/product/rose-deep-hydration-face-serum-P407087?icid2=products%20grid:p407087
206,https://www.sephora.com/product/aha-bha-acne-clearing-gel-P3550?icid2=products%20grid:p3550
207,https://www.sephora.com/product/pure-skin-clarifying-dietary-supplement-P7365?icid2=products%20grid:p7365
208,https://www.sephora.com/product/evercalm-anti-redness-serum-P399736?icid2=products%20grid:p399736
209,https://www.sephora.com/product/fresh-pressed-daily-booster-with-pure-vitamin-c-10-P416824?icid2=products%20grid:p416824
210,https://www.sephora.com/product/blackhead-solutions-self-heating-blackhead-extractor-P432243?icid2=products%20grid:p432243
211,https://www.sephora.com/product/get-even-cold-pressed-peel-pads-P433973?icid2=products%20grid:p433973
212,https://www.sephora.com/product/power-advanced-wrinkle-fighter-360-eye-serum-P404169?icid2=products%20grid:p404169
213,https://www.sephora.com/product/black-tea-age-delay-firming-serum-P403748?icid2=products%20grid:p403748
214,https://www.sephora.com/product/focuspot-blemish-micro-tip-patch-P442853?icid2=products%20grid:p442853
215,https://www.sephora.com/product/hungarian-water-essence-P394633?icid2=products%20grid:p394633
216,https://www.sephora.com/product/resveratrol-lift-firming-serum-P400608?icid2=products%20grid:p400608
217,https://www.sephora.com/product/dior-capture-totale-cell-energy-super-potent-age-defying-intense-serum-P454805?icid2=products%20grid:p454805
218,https://www.sephora.com/product/capture-youth-plump-filler-age-delay-plumping-serum-P427732?icid2=products%20grid:p427732
219,https://www.sephora.com/product/sobel-skin-rx-4-5-retinol-night-treatment-P447213?icid2=products%20grid:p447213
220,https://www.sephora.com/product/blackhead-solutions-7-day-deep-pore-cleanse-scrub-P432242?icid2=products%20grid:p432242
221,https://www.sephora.com/product/no-foundation-foundation-serum-spf-30-P386465?icid2=products%20grid:p386465
222,https://www.sephora.com/product/rejuvenating-serum-P379711?icid2=products%20grid:p379711
223,https://www.sephora.com/product/outsmart-acne-clarifying-treatment-P433143?icid2=products%20grid:p433143
224,https://www.sephora.com/product/advanced-dark-spot-correcting-serum-P440067?icid2=products%20grid:p440067
225,https://www.sephora.com/product/needles-no-more-P391802?icid2=products%20grid:p391802
226,https://www.sephora.com/product/radiance-serum-with-energy-peptides-P437239?icid2=products%20grid:p437239
227,https://www.sephora.com/product/breakout-fighters-P436363?icid2=products%20grid:p436363
228,https://www.sephora.com/product/bye-bye-lines-serum-advanced-anti-aging-wrinkle-smoothing-miracle-concentrate-P411398?icid2=products%20grid:p411398
229,https://www.sephora.com/product/protein-booster-skin-serum-P236605?icid2=products%20grid:p236605
230,https://www.sephora.com/product/sos-save-our-skin-daily-rescue-facial-spray-P448852?icid2=products%20grid:p448852
231,https://www.sephora.com/product/saturn-sulfur-acne-treatment-mask-P422626?icid2=products%20grid:p422626
232,https://www.sephora.com/product/umbrian-clay-purifying-mask-mini-P426822?icid2=products%20grid:p426822
233,https://www.sephora.com/product/midnight-secret-late-night-recovery-treatment-P408678?icid2=products%20grid:p408678
234,https://www.sephora.com/product/post-acne-spot-lightening-gel-P188907?icid2=products%20grid:p188907
235,https://www.sephora.com/product/clarifying-toner-P4015?icid2=products%20grid:p4015
236,https://www.sephora.com/product/visionnaire-skin-solutions-pure-0-2-retinol-correcting-night-concentrate-P440304?icid2=products%20grid:p440304
237,https://www.sephora.com/product/proactiv-solution-3-step-acne-treatment-system-90-day-size-P440652?icid2=products%20grid:p440652
238,https://www.sephora.com/product/anti-aging-armour-super-smart-skin-perfecting-beauty-fluid-spf-50-P411887?icid2=products%20grid:p411887
239,https://www.sephora.com/product/hydro-plumping-re-texturizing-serum-concentrate-P422016?icid2=products%20grid:p422016
240,https://www.sephora.com/product/supercharge-anti-oxidant-moisture-serum-P433974?icid2=products%20grid:p433974
241,https://www.sephora.com/product/peptide-21-wrinkle-resist-serum-P442741?icid2=products%20grid:p442741
242,https://www.sephora.com/product/the-microdelivery-resurfacing-peel-P72504?icid2=products%20grid:p72504
243,https://www.sephora.com/product/abeille-royale-double-r-renew-repair-serum-P442731?icid2=products%20grid:p442731
244,https://www.sephora.com/product/illumi-nation-anti-fatigue-power-serum-P450587?icid2=products%20grid:p450587
245,https://www.sephora.com/product/ferulic-retinol-wrinkle-recovery-overnight-serum-P404486?icid2=products%20grid:p404486
246,https://www.sephora.com/product/strawberry-c-serum-P442011?icid2=products%20grid:p442011
247,https://www.sephora.com/product/clinique-id-your-custom-blend-hydrator-for-pores-uneven-texture-P439648?icid2=products%20grid:p439648
248,https://www.sephora.com/product/city-sunscreen-serum-spf-30-P282915?icid2=products%20grid:p282915
249,https://www.sephora.com/product/liquid-gold-with-glycolic-acid-P440949?icid2=products%20grid:p440949
250,https://www.sephora.com/product/capture-youth-lift-sculptor-age-delay-lifting-serum-P427734?icid2=products%20grid:p427734
251,https://www.sephora.com/product/black-tea-firming-eye-serum-P439626?icid2=products%20grid:p439626
252,https://www.sephora.com/product/time-in-bottle-100-in-control-P416400?icid2=products%20grid:p416400
253,https://www.sephora.com/product/proactiv-solution-3-step-acne-treatment-system-30-day-introductory-size-P440653?icid2=products%20grid:p440653
254,https://www.sephora.com/product/yves-saint-laurent-pure-shots-y-shape-firming-serum-P454074?icid2=products%20grid:p454074
255,https://www.sephora.com/product/pro-strength-lactic-pore-treatment-P448719?icid2=products%20grid:p448719
256,https://www.sephora.com/product/rapid-collagen-infusion-P377178?icid2=products%20grid:p377178
257,https://www.sephora.com/product/perfectionist-cp-r-wrinkle-lifting-firming-serum-P379995?icid2=products%20grid:p379995
258,https://www.sephora.com/product/premier-cru-serum-P427509?icid2=products%20grid:p427509
259,https://www.sephora.com/product/visionnaire-skin-solutions-15-pure-vitamin-c-correcting-concentrate-P440471?icid2=products%20grid:p440471
260,https://www.sephora.com/product/fab-skin-lab-retinol-serum-0-25-pure-concentrate-P416825?icid2=products%20grid:p416825
261,https://www.sephora.com/product/euk-134-0-1-P442833?icid2=products%20grid:p442833
262,https://www.sephora.com/product/genius-ultimate-anti-aging-vitamin-c-serum-P392945?icid2=products%20grid:p392945
263,https://www.sephora.com/product/proactivmd-3-piece-kit-30-day-introductory-size-P440657?icid2=products%20grid:p440657
264,https://www.sephora.com/product/mini-liquid-glass-radiance-serum-P451639?icid2=products%20grid:p451639
265,https://www.sephora.com/product/r-n-a-power-radical-new-age-essence-P405951?icid2=products%20grid:p405951
266,https://www.sephora.com/product/youth-revolution-radiance-concentrator-P441061?icid2=products%20grid:p441061
267,https://www.sephora.com/product/mario-badescu-vitamin-c-serum-P440494?icid2=products%20grid:p440494
268,https://www.sephora.com/product/hyalo-plasma-hyaluronic-intensive-moisturizer-P388974?icid2=products%20grid:p388974
269,https://www.sephora.com/product/d-scar-scar-diminishing-serum-P377368?icid2=products%20grid:p377368
270,https://www.sephora.com/product/primera-wild-seed-firming-serum-P447187?icid2=products%20grid:p447187
271,https://www.sephora.com/product/age-adapting-facial-serum-P440981?icid2=products%20grid:p440981
272,https://www.sephora.com/product/emergency-blemish-relief-P440057?icid2=products%20grid:p440057
273,https://www.sephora.com/product/retinol-vita-c-power-serum-P436365?icid2=products%20grid:p436365
274,https://www.sephora.com/product/plantscription-anti-aging-power-serum-P388801?icid2=products%20grid:p388801
275,https://www.sephora.com/product/moisture-bound-rejuvenating-serum-P282614?icid2=products%20grid:p282614
276,https://www.sephora.com/product/advanced-acne-wrinkle-reducer-P398067?icid2=products%20grid:p398067
277,https://www.sephora.com/product/pore-targeting-treatment-P440064?icid2=products%20grid:p440064
278,https://www.sephora.com/product/skin-rescue-acne-clearing-pads-with-white-clay-P430140?icid2=products%20grid:p430140
279,https://www.sephora.com/product/b-well-organic-australian-100-tea-tree-oil-P440274?icid2=products%20grid:p440274
280,https://www.sephora.com/product/the-method-polish-blemish-control-P399739?icid2=products%20grid:p399739
281,https://www.sephora.com/product/sunless-tan-anti-aging-face-serum-P418221?icid2=products%20grid:p418221
282,https://www.sephora.com/product/biolumin-c-serum-P443370?icid2=products%20grid:p443370
283,https://www.sephora.com/product/brightening-booster-drops-P442784?icid2=products%20grid:p442784
284,https://www.sephora.com/product/age-bright-clearing-serum-P445833?icid2=products%20grid:p445833
285,https://www.sephora.com/product/bio-retinoid-anti-wrinkle-concentrate-oil-P311126?icid2=products%20grid:p311126
286,https://www.sephora.com/product/vitamin-c-ester-brightening-serum-P378714?icid2=products%20grid:p378714
287,https://www.sephora.com/product/fruit-tox-resurfacing-facial-remedy-P444984?icid2=products%20grid:p444984
288,https://www.sephora.com/product/v-shaping-lift-serum-P446111?icid2=products%20grid:p446111
289,https://www.sephora.com/product/polyglutamic-acid-P443830?icid2=products%20grid:p443830
290,https://www.sephora.com/product/shiseido-white-lucent-illuminating-micro-spot-serum-P455229?icid2=products%20grid:p455229
291,https://www.sephora.com/product/clinique-id-your-custom-blend-hydrator-for-lines-wrinkles-P439645?icid2=products%20grid:p439645
292,https://www.sephora.com/product/omg-omega-great-supplements-P386760?icid2=products%20grid:p386760
293,https://www.sephora.com/product/one-essential-skin-boosting-super-serum-P423264?icid2=products%20grid:p423264
294,https://www.sephora.com/product/acne-clearing-wash-P410883?icid2=products%20grid:p410883
295,https://www.sephora.com/product/sea-mermaid-skin-hyaluronic-h2o-serum-P430818?icid2=products%20grid:p430818
296,https://www.sephora.com/product/idealist-pore-minimizing-skin-refinisher-P379998?icid2=products%20grid:p379998
297,https://www.sephora.com/product/power-recharging-night-pressed-serum-P416552?icid2=products%20grid:p416552
298,https://www.sephora.com/product/green-tea-seed-intensive-hydrating-serum-P448212?icid2=products%20grid:p448212
299,https://www.sephora.com/product/turbo-booster-c-powder-P204606?icid2=products%20grid:p204606
